ckpt_name,epoch,step,avg_loss,acc_mean,acc_median,acc_std,lr,huber_loss_delta
ckpt_e1_s1000.safetensors,1,1000,58.442397,5.682952,3.989260,4.551494,0.00005000,37.776606
ckpt_e1_s2000.safetensors,1,2000,43.492817,4.946545,3.117854,4.743956,0.00005000,37.776606
ckpt_e1_s3000.safetensors,1,3000,37.338587,4.749361,2.885273,4.789422,0.00005000,37.776606
ckpt_e1_s4000.safetensors,1,4000,33.867073,4.367266,2.358494,4.893234,0.00005000,37.776606
ckpt_e1_s5000.safetensors,1,5000,31.515898,4.246751,2.230704,4.926677,0.00005000,37.776606
ckpt_e1_s6000.safetensors,1,6000,29.725039,3.868626,1.823051,4.987815,0.00005000,37.776606
ckpt_e1_s7000.safetensors,1,7000,28.368389,3.830738,1.808819,4.980502,0.00004999,37.776606
ckpt_e1_s8000.safetensors,1,8000,27.283592,3.709905,1.621260,5.024566,0.00004999,37.776606
ckpt_e1_s9000.safetensors,1,9000,26.446822,4.011528,1.978543,4.934852,0.00004999,37.776606
ckpt_e1_s10000.safetensors,1,10000,25.726913,3.677759,1.637628,5.005625,0.00004999,37.776606
ckpt_e1_s11000.safetensors,1,11000,25.140219,3.619869,1.552805,5.035337,0.00004998,37.776606
ckpt_e1_s12000.safetensors,1,12000,24.673852,3.850031,1.785907,4.974088,0.00004998,37.776606
ckpt_e1_s13000.safetensors,1,13000,24.200500,3.577675,1.552205,5.017453,0.00004998,37.776606
ckpt_e1_s14000.safetensors,1,14000,23.818138,3.754062,1.690903,4.977145,0.00004997,37.776606
ckpt_e1_s15000.safetensors,1,15000,23.473070,3.571481,1.472482,5.038857,0.00004997,37.776606
ckpt_e1_s16000.safetensors,1,16000,23.169257,3.537998,1.503343,5.032318,0.00004997,37.776606
ckpt_e1_s17000.safetensors,1,17000,22.897444,3.606363,1.554409,5.008704,0.00004996,37.776606
ckpt_e1_s18000.safetensors,1,18000,22.660194,3.553719,1.524981,5.020806,0.00004996,37.776606
ckpt_e1_s19000.safetensors,1,19000,22.451487,3.533997,1.459785,5.048371,0.00004995,37.776606
ckpt_e1_s20000.safetensors,1,20000,22.245174,3.500522,1.427450,5.035884,0.00004995,37.776606
ckpt_e1_s21000.safetensors,1,21000,22.042393,3.463897,1.390641,5.063033,0.00004994,37.776606
ckpt_e1_s22000.safetensors,1,22000,21.871800,3.447770,1.382837,5.047131,0.00004993,37.776606
ckpt_e1_s23000.safetensors,1,23000,21.729504,3.510515,1.443112,5.042638,0.00004993,37.776606
ckpt_e1_s24000.safetensors,1,24000,21.592794,3.467064,1.396793,5.056744,0.00004992,37.776606
ckpt_e1_s25000.safetensors,1,25000,21.452815,3.421937,1.359445,5.052062,0.00004991,37.776606
ckpt_e1_s26000.safetensors,1,26000,21.319240,3.453630,1.397745,5.046284,0.00004991,37.776606
ckpt_e1_s27000.safetensors,1,27000,21.191895,3.561062,1.503190,5.012125,0.00004990,37.776606
ckpt_e1_s28000.safetensors,1,28000,21.093202,3.445481,1.360932,5.054734,0.00004989,37.776606
ckpt_e1_s29000.safetensors,1,29000,20.989117,3.494394,1.362406,5.059181,0.00004988,37.776606
ckpt_e1_s30000.safetensors,1,30000,20.879901,3.521443,1.468863,5.022085,0.00004988,37.776606
ckpt_e1_s31000.safetensors,1,31000,20.787818,3.438085,1.352749,5.051272,0.00004987,37.776606
ckpt_e1_s32000.safetensors,1,32000,20.696244,3.453214,1.356685,5.050550,0.00004986,37.776606
ckpt_e1_s33000.safetensors,1,33000,20.616549,3.430871,1.336748,5.064013,0.00004985,37.776606
ckpt_e1_s34000.safetensors,1,34000,20.516966,3.419550,1.351060,5.052486,0.00004984,37.776606
ckpt_e1_s35000.safetensors,1,35000,20.455150,3.411134,1.351005,5.047147,0.00004983,37.776606
ckpt_e1_s36000.safetensors,1,36000,20.382966,3.445309,1.355581,5.048605,0.00004982,37.776606
ckpt_e1_s37000.safetensors,1,37000,20.310100,3.397199,1.325465,5.065608,0.00004981,37.776606
ckpt_e2_s38000.safetensors,2,38000,11.063501,3.414219,1.308947,5.065594,0.00004980,37.776606
ckpt_e2_s39000.safetensors,2,39000,11.060481,3.380449,1.267183,5.074864,0.00004979,37.776606
ckpt_e2_s40000.safetensors,2,40000,10.982261,3.362092,1.290246,5.059483,0.00004978,37.776606
ckpt_e2_s41000.safetensors,2,41000,10.979406,3.394387,1.300598,5.051188,0.00004977,37.776606
ckpt_e2_s42000.safetensors,2,42000,10.913726,3.379291,1.297527,5.055166,0.00004976,37.776606
ckpt_e2_s43000.safetensors,2,43000,10.931605,3.439899,1.327685,5.051033,0.00004974,37.776606
ckpt_e2_s44000.safetensors,2,44000,10.916002,3.331000,1.219323,5.082994,0.00004973,37.776606
ckpt_e2_s45000.safetensors,2,45000,10.870746,3.395209,1.293880,5.060291,0.00004972,37.776606
ckpt_e2_s46000.safetensors,2,46000,10.878300,3.313529,1.243945,5.063241,0.00004971,37.776606
ckpt_e2_s47000.safetensors,2,47000,10.858210,3.336488,1.251925,5.068484,0.00004969,37.776606
ckpt_e2_s48000.safetensors,2,48000,10.863776,3.458343,1.368398,5.024522,0.00004968,37.776606
ckpt_e2_s49000.safetensors,2,49000,10.803248,3.399841,1.283916,5.074080,0.00004967,37.776606
ckpt_e2_s50000.safetensors,2,50000,10.789565,3.378162,1.285198,5.054997,0.00004965,37.776606
ckpt_e2_s51000.safetensors,2,51000,10.796127,3.333865,1.234426,5.076548,0.00004964,37.776606
ckpt_e2_s52000.safetensors,2,52000,10.776174,3.325012,1.224021,5.076612,0.00004962,37.776606
ckpt_e2_s53000.safetensors,2,53000,10.768294,3.307367,1.212629,5.080189,0.00004961,37.776606
ckpt_e2_s54000.safetensors,2,54000,10.771907,3.397538,1.298874,5.051098,0.00004959,37.776606
ckpt_e2_s55000.safetensors,2,55000,10.768612,3.352911,1.279415,5.051277,0.00004958,37.776606
ckpt_e2_s56000.safetensors,2,56000,10.743165,3.367355,1.251543,5.068838,0.00004956,37.776606
ckpt_e2_s57000.safetensors,2,57000,10.732033,3.340556,1.243317,5.075136,0.00004955,37.776606
ckpt_e2_s58000.safetensors,2,58000,10.717114,3.350835,1.261741,5.067101,0.00004953,37.776606
ckpt_e2_s59000.safetensors,2,59000,10.710366,3.334775,1.245839,5.068594,0.00004952,37.776606
ckpt_e2_s60000.safetensors,2,60000,10.696443,3.277890,1.185865,5.077605,0.00004950,37.776606
ckpt_e2_s61000.safetensors,2,61000,10.679320,3.357377,1.252646,5.066260,0.00004948,37.776606
ckpt_e2_s62000.safetensors,2,62000,10.669324,3.361566,1.260148,5.054588,0.00004947,37.776606
ckpt_e2_s63000.safetensors,2,63000,10.674921,3.305054,1.225885,5.067692,0.00004945,37.776606
ckpt_e2_s64000.safetensors,2,64000,10.667085,3.341220,1.256702,5.060056,0.00004943,37.776606
ckpt_e2_s65000.safetensors,2,65000,10.644107,3.334840,1.239456,5.072091,0.00004941,37.776606
ckpt_e2_s66000.safetensors,2,66000,10.635506,3.400982,1.298911,5.051236,0.00004939,37.776606
ckpt_e2_s67000.safetensors,2,67000,10.629420,3.296152,1.197413,5.083150,0.00004938,37.776606
ckpt_e2_s68000.safetensors,2,68000,10.614853,3.300387,1.189715,5.088840,0.00004936,37.776606
ckpt_e2_s69000.safetensors,2,69000,10.611985,3.284184,1.206717,5.077997,0.00004934,37.776606
ckpt_e2_s70000.safetensors,2,70000,10.606298,3.329033,1.212237,5.077803,0.00004932,37.776606
ckpt_e2_s71000.safetensors,2,71000,10.597327,3.295085,1.183900,5.080297,0.00004930,37.776606
ckpt_e2_s72000.safetensors,2,72000,10.586179,3.241389,1.164270,5.079243,0.00004928,37.776606
ckpt_e2_s73000.safetensors,2,73000,10.568912,3.354468,1.267206,5.044447,0.00004926,37.776606
ckpt_e2_s74000.safetensors,2,74000,10.573034,3.344517,1.234353,5.064671,0.00004924,37.776606
ckpt_e3_s75000.safetensors,3,75000,14.960738,3.336376,1.300212,5.027002,0.00004922,37.776606
ckpt_e3_s76000.safetensors,3,76000,14.914848,3.302367,1.253948,5.034570,0.00004920,37.776606
ckpt_e3_s77000.safetensors,3,77000,14.868442,3.285676,1.218974,5.053893,0.00004918,37.776606
ckpt_e3_s78000.safetensors,3,78000,14.815257,3.309389,1.234852,5.055695,0.00004915,37.776606
ckpt_e3_s79000.safetensors,3,79000,14.727401,3.220209,1.160933,5.060301,0.00004913,37.776606
ckpt_e3_s80000.safetensors,3,80000,14.762573,3.238274,1.167815,5.059275,0.00004911,37.776606
ckpt_e3_s81000.safetensors,3,81000,14.709212,3.390475,1.335520,5.017670,0.00004909,37.776606
ckpt_e3_s82000.safetensors,3,82000,14.676101,3.262446,1.215058,5.041431,0.00004907,37.776606
ckpt_e3_s83000.safetensors,3,83000,14.677495,3.278207,1.206640,5.046156,0.00004904,37.776606
ckpt_e3_s84000.safetensors,3,84000,14.676349,3.296426,1.232763,5.046209,0.00004902,37.776606
ckpt_e3_s85000.safetensors,3,85000,14.656793,3.309764,1.232176,5.050540,0.00004900,37.776606
ckpt_e3_s86000.safetensors,3,86000,14.647267,3.260828,1.169525,5.061257,0.00004897,37.776606
ckpt_e3_s87000.safetensors,3,87000,14.635810,3.241739,1.152989,5.082533,0.00004895,37.776606
ckpt_e3_s88000.safetensors,3,88000,14.616339,3.295379,1.210192,5.060325,0.00004892,37.776606
ckpt_e3_s89000.safetensors,3,89000,14.606905,3.311740,1.238191,5.042914,0.00004890,37.776606
ckpt_e3_s90000.safetensors,3,90000,14.602227,3.215661,1.142871,5.069126,0.00004888,37.776606
ckpt_e3_s91000.safetensors,3,91000,14.567272,3.322116,1.270259,5.042856,0.00004885,37.776606
ckpt_e3_s92000.safetensors,3,92000,14.555592,3.291052,1.233770,5.044607,0.00004883,37.776606
ckpt_e3_s93000.safetensors,3,93000,14.547789,3.244819,1.181265,5.060090,0.00004880,37.776606
ckpt_e3_s94000.safetensors,3,94000,14.531490,3.247697,1.187670,5.049265,0.00004877,37.776606
ckpt_e3_s95000.safetensors,3,95000,14.541205,3.239737,1.163237,5.062564,0.00004875,37.776606
ckpt_e3_s96000.safetensors,3,96000,14.524138,3.204855,1.109222,5.079965,0.00004872,37.776606
ckpt_e3_s97000.safetensors,3,97000,14.520842,3.212682,1.158313,5.060933,0.00004870,37.776606
ckpt_e3_s98000.safetensors,3,98000,14.502000,3.218290,1.160977,5.060282,0.00004867,37.776606
ckpt_e3_s99000.safetensors,3,99000,14.495222,3.303782,1.226498,5.045367,0.00004864,37.776606
ckpt_e3_s100000.safetensors,3,100000,14.481310,3.230248,1.158990,5.060787,0.00004861,37.776606
ckpt_e3_s101000.safetensors,3,101000,14.467344,3.247180,1.181126,5.052321,0.00004859,37.776606
ckpt_e3_s102000.safetensors,3,102000,14.472105,3.226813,1.165461,5.061531,0.00004856,37.776606
ckpt_e3_s103000.safetensors,3,103000,14.469493,3.233396,1.156604,5.058497,0.00004853,37.776606
ckpt_e3_s104000.safetensors,3,104000,14.461676,3.229150,1.165195,5.059169,0.00004850,37.776606
ckpt_e3_s105000.safetensors,3,105000,14.457680,3.246135,1.198828,5.046818,0.00004847,37.776606
ckpt_e3_s106000.safetensors,3,106000,14.443807,3.277578,1.252936,5.039619,0.00004844,37.776606
ckpt_e3_s107000.safetensors,3,107000,14.434941,3.211002,1.134626,5.079615,0.00004841,37.776606
ckpt_e3_s108000.safetensors,3,108000,14.423965,3.206260,1.124878,5.074711,0.00004839,37.776606
ckpt_e3_s109000.safetensors,3,109000,14.420564,3.212353,1.133239,5.079088,0.00004836,37.776606
ckpt_e3_s110000.safetensors,3,110000,14.417122,3.216653,1.163120,5.063522,0.00004833,37.776606
ckpt_e3_s111000.safetensors,3,111000,14.405053,3.228455,1.154116,5.072677,0.00004830,37.776606
ckpt_e4_s112000.safetensors,4,112000,12.229688,3.254269,1.146730,5.068048,0.00004826,37.776606
ckpt_e4_s113000.safetensors,4,113000,12.583720,3.189439,1.136270,5.065445,0.00004823,37.776606
ckpt_e4_s114000.safetensors,4,114000,12.282513,3.215856,1.140470,5.064940,0.00004820,37.776606
ckpt_e4_s115000.safetensors,4,115000,12.295427,3.259793,1.189568,5.045235,0.00004817,37.776606
ckpt_e4_s116000.safetensors,4,116000,12.315383,3.201358,1.115825,5.070737,0.00004814,37.776606
ckpt_e4_s117000.safetensors,4,117000,12.262419,3.238205,1.168497,5.040695,0.00004811,37.776606
ckpt_e4_s118000.safetensors,4,118000,12.219210,3.171940,1.098860,5.067357,0.00004808,37.776606
ckpt_e4_s119000.safetensors,4,119000,12.215110,3.228608,1.126822,5.056220,0.00004804,37.776606
ckpt_e4_s120000.safetensors,4,120000,12.211794,3.177818,1.099991,5.068317,0.00004801,37.776606
ckpt_e4_s121000.safetensors,4,121000,12.199187,3.207876,1.115194,5.056354,0.00004798,37.776606
ckpt_e4_s122000.safetensors,4,122000,12.185743,3.174591,1.096562,5.065369,0.00004795,37.776606
ckpt_e4_s123000.safetensors,4,123000,12.159656,3.178661,1.095380,5.070012,0.00004791,37.776606
ckpt_e4_s124000.safetensors,4,124000,12.135570,3.198328,1.131560,5.065357,0.00004788,37.776606
ckpt_e4_s125000.safetensors,4,125000,12.164218,3.245517,1.161829,5.064005,0.00004784,37.776606
ckpt_e4_s126000.safetensors,4,126000,12.170429,3.169033,1.117081,5.060005,0.00004781,37.776606
ckpt_e4_s127000.safetensors,4,127000,12.137025,3.313617,1.222495,5.048383,0.00004778,37.776606
ckpt_e5_s128000.safetensors,5,128000,17.181086,3.262044,1.230987,5.028793,0.00004774,37.776606
ckpt_e5_s129000.safetensors,5,129000,17.301256,3.160226,1.121358,5.056632,0.00004771,37.776606
ckpt_e5_s130000.safetensors,5,130000,17.110207,3.166417,1.106776,5.070355,0.00004767,37.776606
ckpt_e5_s131000.safetensors,5,131000,17.056565,3.234654,1.161887,5.043206,0.00004764,37.776606
ckpt_e5_s132000.safetensors,5,132000,17.127798,3.170397,1.105880,5.058107,0.00004760,37.776606
ckpt_e5_s133000.safetensors,5,133000,17.085661,3.209641,1.140826,5.057247,0.00004756,37.776606
ckpt_e5_s134000.safetensors,5,134000,17.065289,3.166078,1.088279,5.057544,0.00004753,37.776606
ckpt_e5_s135000.safetensors,5,135000,17.067548,3.144845,1.091340,5.060771,0.00004749,37.776606
ckpt_e5_s136000.safetensors,5,136000,17.020155,3.202718,1.129984,5.052499,0.00004745,37.776606
ckpt_e5_s137000.safetensors,5,137000,16.980360,3.151993,1.080945,5.066245,0.00004742,37.776606
ckpt_e5_s138000.safetensors,5,138000,16.961416,3.191439,1.115948,5.049658,0.00004738,37.776606
ckpt_e5_s139000.safetensors,5,139000,16.968503,3.180475,1.129586,5.042197,0.00004734,37.776606
ckpt_e5_s140000.safetensors,5,140000,16.949691,3.162169,1.093449,5.062819,0.00004731,37.776606
ckpt_e5_s141000.safetensors,5,141000,16.934821,3.186058,1.127213,5.053159,0.00004727,37.776606
ckpt_e5_s142000.safetensors,5,142000,16.892093,3.195164,1.140829,5.054441,0.00004723,37.776606
ckpt_e5_s143000.safetensors,5,143000,16.892632,3.184518,1.126306,5.049292,0.00004719,37.776606
ckpt_e5_s144000.safetensors,5,144000,16.873691,3.139642,1.090115,5.055264,0.00004715,37.776606
ckpt_e5_s145000.safetensors,5,145000,16.847489,3.190213,1.134014,5.050509,0.00004711,37.776606
ckpt_e5_s146000.safetensors,5,146000,16.850706,3.202423,1.131170,5.054935,0.00004707,37.776606
ckpt_e5_s147000.safetensors,5,147000,16.852248,3.188685,1.128922,5.040909,0.00004704,37.776606
ckpt_e5_s148000.safetensors,5,148000,16.849694,3.176140,1.112127,5.055252,0.00004700,37.776606
ckpt_e5_s149000.safetensors,5,149000,16.793688,3.236763,1.171660,5.042686,0.00004696,37.776606
ckpt_e5_s150000.safetensors,5,150000,16.831438,3.251298,1.165532,5.049639,0.00004692,37.776606
ckpt_e5_s151000.safetensors,5,151000,16.793296,3.293278,1.247237,5.010531,0.00004688,37.776606
ckpt_e5_s152000.safetensors,5,152000,16.804138,3.217878,1.151846,5.041178,0.00004683,37.776606
ckpt_e5_s153000.safetensors,5,153000,16.793776,3.157128,1.094113,5.056338,0.00004679,37.776606
ckpt_e5_s154000.safetensors,5,154000,16.787447,3.150630,1.072360,5.072291,0.00004675,37.776606
ckpt_e5_s155000.safetensors,5,155000,16.779660,3.186574,1.133025,5.047303,0.00004671,37.776606
ckpt_e5_s156000.safetensors,5,156000,16.757299,3.195324,1.152691,5.042739,0.00004667,37.776606
ckpt_e5_s157000.safetensors,5,157000,16.757724,3.173393,1.109145,5.046129,0.00004663,37.776606
ckpt_e5_s158000.safetensors,5,158000,16.737562,3.186843,1.107774,5.057708,0.00004659,37.776606
ckpt_e5_s159000.safetensors,5,159000,16.730907,3.220730,1.177155,5.031571,0.00004654,37.776606
ckpt_e5_s160000.safetensors,5,160000,16.729798,3.204696,1.143061,5.030430,0.00004650,37.776606
ckpt_e5_s161000.safetensors,5,161000,16.716396,3.154684,1.086444,5.056653,0.00004646,37.776606
ckpt_e5_s162000.safetensors,5,162000,16.714646,3.248918,1.218220,5.015684,0.00004642,37.776606
ckpt_e5_s163000.safetensors,5,163000,16.697816,3.173228,1.104775,5.052566,0.00004637,37.776606
ckpt_e5_s164000.safetensors,5,164000,16.690786,3.193522,1.147302,5.046999,0.00004633,37.776606
ckpt_e6_s165000.safetensors,6,165000,15.213029,3.099130,1.055458,5.053411,0.00004628,37.776606
ckpt_e6_s166000.safetensors,6,166000,14.813632,3.115939,1.080849,5.049284,0.00004624,37.776606
ckpt_e6_s167000.safetensors,6,167000,14.698409,3.087430,1.060673,5.043288,0.00004620,37.776606
ckpt_e6_s168000.safetensors,6,168000,14.807020,3.134634,1.094421,5.032162,0.00004615,37.776606
ckpt_e6_s169000.safetensors,6,169000,14.793612,3.083082,1.052689,5.048126,0.00004611,37.776606
ckpt_e6_s170000.safetensors,6,170000,14.694186,3.093991,1.066130,5.041225,0.00004606,37.776606
ckpt_e6_s171000.safetensors,6,171000,14.702726,3.122162,1.083966,5.044706,0.00004602,37.776606
ckpt_e6_s172000.safetensors,6,172000,14.639198,3.065942,1.020007,5.060489,0.00004597,37.776606
ckpt_e6_s173000.safetensors,6,173000,14.606265,3.082824,1.046640,5.050152,0.00004593,37.776606
ckpt_e6_s174000.safetensors,6,174000,14.611033,3.114801,1.065822,5.047553,0.00004588,37.776606
ckpt_e6_s175000.safetensors,6,175000,14.641503,3.073155,1.038360,5.055660,0.00004583,37.776606
ckpt_e6_s176000.safetensors,6,176000,14.600528,3.050007,1.040423,5.050769,0.00004579,37.776606
ckpt_e6_s177000.safetensors,6,177000,14.585885,3.071625,1.041992,5.052756,0.00004574,37.776606
ckpt_e6_s178000.safetensors,6,178000,14.572753,3.075653,1.036801,5.058602,0.00004570,37.776606
ckpt_e6_s179000.safetensors,6,179000,14.546718,3.055196,1.013073,5.062065,0.00004565,37.776606
ckpt_e6_s180000.safetensors,6,180000,14.515652,3.069847,1.059181,5.040292,0.00004560,37.776606
ckpt_e6_s181000.safetensors,6,181000,14.531625,3.155105,1.132605,5.032895,0.00004555,37.776606
ckpt_e6_s182000.safetensors,6,182000,14.507849,3.048279,1.015799,5.065922,0.00004551,37.776606
ckpt_e6_s183000.safetensors,6,183000,14.491941,3.047702,1.017815,5.058990,0.00004546,37.776606
ckpt_e6_s184000.safetensors,6,184000,14.482382,3.143400,1.117803,5.026057,0.00004541,37.776606
ckpt_e6_s185000.safetensors,6,185000,14.458431,3.081052,1.045563,5.047703,0.00004536,37.776606
ckpt_e6_s186000.safetensors,6,186000,14.443747,3.075732,1.029410,5.055929,0.00004531,37.776606
ckpt_e6_s187000.safetensors,6,187000,14.443826,3.085006,1.042327,5.061168,0.00004526,37.776606
ckpt_e6_s188000.safetensors,6,188000,14.428243,3.056566,1.015608,5.059323,0.00004522,37.776606
ckpt_e6_s189000.safetensors,6,189000,14.400860,3.094102,1.071640,5.038043,0.00004517,37.776606
ckpt_e6_s190000.safetensors,6,190000,14.403353,3.066529,1.047573,5.047587,0.00004512,37.776606
ckpt_e6_s191000.safetensors,6,191000,14.387627,3.073560,1.039636,5.048773,0.00004507,37.776606
ckpt_e6_s192000.safetensors,6,192000,14.382051,3.049262,1.012409,5.067883,0.00004502,37.776606
ckpt_e6_s193000.safetensors,6,193000,14.379186,3.119211,1.076569,5.044271,0.00004497,37.776606
ckpt_e6_s194000.safetensors,6,194000,14.361407,3.077828,1.042190,5.058970,0.00004492,37.776606
ckpt_e6_s195000.safetensors,6,195000,14.361763,3.058975,1.022864,5.064599,0.00004487,37.776606
ckpt_e6_s196000.safetensors,6,196000,14.341335,3.099350,1.059733,5.048634,0.00004482,37.776606
ckpt_e6_s197000.safetensors,6,197000,14.320619,3.067749,1.026028,5.063676,0.00004476,37.776606
ckpt_e6_s198000.safetensors,6,198000,14.316932,3.085560,1.044557,5.070123,0.00004471,37.776606
ckpt_e6_s199000.safetensors,6,199000,14.305694,3.050608,1.014107,5.064008,0.00004466,37.776606
ckpt_e6_s200000.safetensors,6,200000,14.301479,3.071398,1.039420,5.066579,0.00004461,37.776606
ckpt_e6_s201000.safetensors,6,201000,14.281998,3.025087,0.990617,5.074645,0.00004456,37.776606
ckpt_e7_s202000.safetensors,7,202000,13.002289,3.126036,1.131780,5.016860,0.00004451,37.776606
ckpt_e7_s203000.safetensors,7,203000,12.970225,3.038306,1.000076,5.047563,0.00004445,37.776606
ckpt_e7_s204000.safetensors,7,204000,12.882185,2.999231,0.975675,5.048378,0.00004440,37.776606
ckpt_e7_s205000.safetensors,7,205000,12.796062,3.032127,1.026689,5.030611,0.00004435,37.776606
ckpt_e7_s206000.safetensors,7,206000,12.792461,3.000434,0.981196,5.044254,0.00004430,37.776606
ckpt_e7_s207000.safetensors,7,207000,12.795356,3.047513,1.010423,5.036689,0.00004424,37.776606
ckpt_e7_s208000.safetensors,7,208000,12.800218,3.011774,0.983852,5.035565,0.00004419,37.776606
ckpt_e7_s209000.safetensors,7,209000,12.804791,3.080709,1.101676,5.006227,0.00004414,37.776606
ckpt_e7_s210000.safetensors,7,210000,12.753834,3.012817,0.990332,5.034664,0.00004408,37.776606
ckpt_e7_s211000.safetensors,7,211000,12.749141,2.992756,0.960090,5.050534,0.00004403,37.776606
ckpt_e7_s212000.safetensors,7,212000,12.727639,3.057093,1.043144,5.019525,0.00004398,37.776606
ckpt_e7_s213000.safetensors,7,213000,12.730885,2.962040,0.919022,5.057797,0.00004392,37.776606
ckpt_e7_s214000.safetensors,7,214000,12.694513,3.012547,0.987782,5.037950,0.00004387,37.776606
ckpt_e7_s215000.safetensors,7,215000,12.682210,3.066151,1.039209,5.025823,0.00004381,37.776606
ckpt_e7_s216000.safetensors,7,216000,12.651107,2.951794,0.900809,5.060230,0.00004376,37.776606
ckpt_e7_s217000.safetensors,7,217000,12.661245,2.958976,0.924216,5.050375,0.00004370,37.776606
ckpt_e7_s218000.safetensors,7,218000,12.617093,2.940821,0.888747,5.061344,0.00004365,37.776606
ckpt_e7_s219000.safetensors,7,219000,12.616372,3.045267,1.034128,5.042495,0.00004359,37.776606
ckpt_e7_s220000.safetensors,7,220000,12.599890,3.044399,1.010077,5.034612,0.00004353,37.776606
ckpt_e7_s221000.safetensors,7,221000,12.580381,2.974408,0.930488,5.059805,0.00004348,37.776606
ckpt_e7_s222000.safetensors,7,222000,12.576012,2.986877,0.950533,5.062550,0.00004342,37.776606
ckpt_e7_s223000.safetensors,7,223000,12.545651,2.954623,0.915620,5.061025,0.00004337,37.776606
ckpt_e7_s224000.safetensors,7,224000,12.539432,2.973135,0.935454,5.051052,0.00004331,37.776606
ckpt_e7_s225000.safetensors,7,225000,12.525804,3.000517,0.972708,5.030646,0.00004325,37.776606
ckpt_e7_s226000.safetensors,7,226000,12.508215,3.008455,0.998209,5.028647,0.00004320,37.776606
ckpt_e7_s227000.safetensors,7,227000,12.480071,2.935235,0.905397,5.050525,0.00004314,37.776606
ckpt_e7_s228000.safetensors,7,228000,12.489443,3.014045,0.985534,5.031800,0.00004308,37.776606
ckpt_e7_s229000.safetensors,7,229000,12.472130,2.959737,0.942613,5.048925,0.00004302,37.776606
ckpt_e7_s230000.safetensors,7,230000,12.456735,3.076100,1.079117,5.013872,0.00004297,37.776606
ckpt_e7_s231000.safetensors,7,231000,12.441717,2.986266,0.942698,5.046107,0.00004291,37.776606
ckpt_e7_s232000.safetensors,7,232000,12.435552,2.968999,0.948607,5.040651,0.00004285,37.776606
ckpt_e7_s233000.safetensors,7,233000,12.401476,2.927857,0.904493,5.043945,0.00004279,37.776606
ckpt_e7_s234000.safetensors,7,234000,12.391618,2.946601,0.910556,5.052497,0.00004273,37.776606
ckpt_e7_s235000.safetensors,7,235000,12.384963,2.934817,0.912207,5.036344,0.00004267,37.776606
ckpt_e7_s236000.safetensors,7,236000,12.365829,2.954486,0.910450,5.057598,0.00004262,37.776606
ckpt_e7_s237000.safetensors,7,237000,12.351504,2.928380,0.888653,5.048741,0.00004256,37.776606
ckpt_e7_s238000.safetensors,7,238000,12.337893,2.960213,0.922043,5.042408,0.00004250,37.776606
ckpt_e8_s239000.safetensors,8,239000,10.869181,2.952764,0.940125,5.017241,0.00004244,37.776606
ckpt_e8_s240000.safetensors,8,240000,10.803901,2.916246,0.888267,5.032209,0.00004238,37.776606
ckpt_e8_s241000.safetensors,8,241000,10.837944,2.926826,0.891957,5.036575,0.00004232,37.776606
ckpt_e8_s242000.safetensors,8,242000,10.709207,2.955225,0.937434,5.018967,0.00004226,37.776606
ckpt_e8_s243000.safetensors,8,243000,10.634148,2.926795,0.898667,5.029627,0.00004220,37.776606
ckpt_e8_s244000.safetensors,8,244000,10.536093,2.911734,0.877802,5.039505,0.00004214,37.776606
ckpt_e8_s245000.safetensors,8,245000,10.579011,2.902309,0.882301,5.030144,0.00004208,37.776606
ckpt_e8_s246000.safetensors,8,246000,10.530130,2.942839,0.914504,5.021099,0.00004202,37.776606
ckpt_e8_s247000.safetensors,8,247000,10.525964,2.882853,0.832532,5.051337,0.00004196,37.776606
ckpt_e8_s248000.safetensors,8,248000,10.449497,2.919670,0.903776,5.023047,0.00004189,37.776606
ckpt_e8_s249000.safetensors,8,249000,10.453332,2.909344,0.872772,5.032159,0.00004183,37.776606
ckpt_e8_s250000.safetensors,8,250000,10.416099,2.994618,0.993995,5.001890,0.00004177,37.776606
ckpt_e8_s251000.safetensors,8,251000,10.418455,2.975953,0.957068,5.015973,0.00004171,37.776606
ckpt_e8_s252000.safetensors,8,252000,10.390839,2.879675,0.844727,5.042492,0.00004165,37.776606
ckpt_e8_s253000.safetensors,8,253000,10.351130,2.916551,0.885667,5.029150,0.00004159,37.776606
ckpt_e8_s254000.safetensors,8,254000,10.344649,2.932966,0.904857,5.023342,0.00004152,37.776606
ckpt_e8_s255000.safetensors,8,255000,10.322104,2.949263,0.931030,5.015485,0.00004146,37.776606
ckpt_e8_s256000.safetensors,8,256000,10.303554,2.913034,0.879799,5.033964,0.00004140,37.776606
ckpt_e8_s257000.safetensors,8,257000,10.298695,2.898133,0.856942,5.038557,0.00004134,37.776606
ckpt_e8_s258000.safetensors,8,258000,10.288294,2.951970,0.935112,5.028791,0.00004127,37.776606
ckpt_e8_s259000.safetensors,8,259000,10.270101,2.885953,0.838558,5.047488,0.00004121,37.776606
ckpt_e8_s260000.safetensors,8,260000,10.249256,2.872349,0.835466,5.046083,0.00004115,37.776606
ckpt_e8_s261000.safetensors,8,261000,10.232349,2.907519,0.901392,5.025169,0.00004108,37.776606
ckpt_e8_s262000.safetensors,8,262000,10.216861,2.892433,0.859949,5.042912,0.00004102,37.776606
ckpt_e8_s263000.safetensors,8,263000,10.203370,2.910588,0.867942,5.046174,0.00004096,37.776606
ckpt_e8_s264000.safetensors,8,264000,10.193020,2.923721,0.893305,5.033352,0.00004089,37.776606
ckpt_e8_s265000.safetensors,8,265000,10.173602,2.851574,0.816318,5.035767,0.00004083,37.776606
ckpt_e8_s266000.safetensors,8,266000,10.161909,2.892370,0.853938,5.030330,0.00004076,37.776606
ckpt_e8_s267000.safetensors,8,267000,10.142700,2.944372,0.919934,5.027979,0.00004070,37.776606
ckpt_e8_s268000.safetensors,8,268000,10.133126,2.909782,0.856770,5.038563,0.00004064,37.776606
ckpt_e8_s269000.safetensors,8,269000,10.127903,2.885984,0.857467,5.032252,0.00004057,37.776606
ckpt_e8_s270000.safetensors,8,270000,10.103375,2.961617,0.965140,5.014912,0.00004051,37.776606
ckpt_e8_s271000.safetensors,8,271000,10.095874,2.957234,0.946767,5.007188,0.00004044,37.776606
ckpt_e8_s272000.safetensors,8,272000,10.080446,2.894692,0.840678,5.051397,0.00004038,37.776606
ckpt_e8_s273000.safetensors,8,273000,10.064610,2.971331,0.960770,5.013481,0.00004031,37.776606
ckpt_e8_s274000.safetensors,8,274000,10.064688,2.880924,0.858710,5.030807,0.00004024,37.776606
ckpt_e8_s275000.safetensors,8,275000,10.043756,2.905225,0.845603,5.042742,0.00004018,37.776606
ckpt_e9_s276000.safetensors,9,276000,10.072198,2.832995,0.814059,5.023465,0.00004011,37.776606
ckpt_e9_s277000.safetensors,9,277000,10.066967,2.912483,0.861201,5.017950,0.00004005,37.776606
ckpt_e9_s278000.safetensors,9,278000,9.984473,2.997343,0.983833,4.964588,0.00003998,37.776606
ckpt_e9_s279000.safetensors,9,279000,9.891992,2.856303,0.836531,4.987409,0.00003991,37.776606
ckpt_e9_s280000.safetensors,9,280000,9.804909,2.973778,0.993477,4.945620,0.00003985,37.776606
ckpt_e9_s281000.safetensors,9,281000,9.754706,2.828458,0.821319,4.994912,0.00003978,37.776606
ckpt_e9_s282000.safetensors,9,282000,9.738017,3.114815,1.243184,4.892843,0.00003971,37.776606
ckpt_e9_s283000.safetensors,9,283000,9.655067,2.799588,0.779781,4.988952,0.00003965,37.776606
ckpt_e9_s284000.safetensors,9,284000,9.659942,2.956621,0.986177,4.951035,0.00003958,37.776606
ckpt_e9_s285000.safetensors,9,285000,9.623842,2.936792,0.950664,4.946318,0.00003951,37.776606
ckpt_e9_s286000.safetensors,9,286000,9.613591,2.871352,0.854546,4.987309,0.00003945,37.776606
ckpt_e9_s287000.safetensors,9,287000,9.608800,2.864428,0.880479,4.971137,0.00003938,37.776606
ckpt_e9_s288000.safetensors,9,288000,9.578965,2.860863,0.829436,5.016396,0.00003931,37.776606
ckpt_e9_s289000.safetensors,9,289000,9.559680,2.840670,0.809313,4.996655,0.00003924,37.776606
ckpt_e9_s290000.safetensors,9,290000,9.521900,2.969018,0.962952,4.955940,0.00003917,37.776606
ckpt_e9_s291000.safetensors,9,291000,9.525330,2.843575,0.823640,5.000249,0.00003911,37.776606
ckpt_e9_s292000.safetensors,9,292000,9.507931,2.837793,0.821268,4.991671,0.00003904,37.776606
ckpt_e9_s293000.safetensors,9,293000,9.490906,2.859964,0.861664,4.975667,0.00003897,37.776606
ckpt_e9_s294000.safetensors,9,294000,9.481888,2.968061,0.986039,4.944808,0.00003890,37.776606
ckpt_e9_s295000.safetensors,9,295000,9.453573,2.893176,0.914172,4.956707,0.00003883,37.776606
ckpt_e9_s296000.safetensors,9,296000,9.441234,2.817654,0.810738,4.980320,0.00003876,37.776606
ckpt_e9_s297000.safetensors,9,297000,9.432088,2.906948,0.919008,4.958776,0.00003869,37.776606
ckpt_e9_s298000.safetensors,9,298000,9.409039,2.809280,0.786598,4.989757,0.00003863,37.776606
ckpt_e9_s299000.safetensors,9,299000,9.390086,2.841503,0.838509,4.979800,0.00003856,37.776606
ckpt_e9_s300000.safetensors,9,300000,9.389319,2.825189,0.797984,4.983172,0.00003849,37.776606
ckpt_e9_s301000.safetensors,9,301000,9.369749,2.904660,0.856471,5.014293,0.00003842,37.776606
ckpt_e9_s302000.safetensors,9,302000,9.357782,2.784381,0.768651,4.992178,0.00003835,37.776606
ckpt_e9_s303000.safetensors,9,303000,9.347648,2.853931,0.855216,4.976879,0.00003828,37.776606
ckpt_e9_s304000.safetensors,9,304000,9.338057,2.777938,0.763632,4.993655,0.00003821,37.776606
ckpt_e9_s305000.safetensors,9,305000,9.322929,2.785437,0.763604,4.998153,0.00003814,37.776606
ckpt_e9_s306000.safetensors,9,306000,9.314642,2.810902,0.777289,5.001137,0.00003807,37.776606
ckpt_e9_s307000.safetensors,9,307000,9.301222,2.782262,0.766838,5.000592,0.00003800,37.776606
ckpt_e9_s308000.safetensors,9,308000,9.292411,2.790890,0.767707,4.995855,0.00003793,37.776606
ckpt_e9_s309000.safetensors,9,309000,9.282136,2.797517,0.762650,4.998967,0.00003786,37.776606
ckpt_e9_s310000.safetensors,9,310000,9.277153,2.828067,0.840279,4.974974,0.00003779,37.776606
ckpt_e9_s311000.safetensors,9,311000,9.268059,2.844071,0.841220,4.982261,0.00003771,37.776606
ckpt_e9_s312000.safetensors,9,312000,9.249255,2.781030,0.751720,4.990414,0.00003764,37.776606
ckpt_e10_s313000.safetensors,10,313000,10.014699,2.794157,0.797417,4.974999,0.00003757,37.776606
ckpt_e10_s314000.safetensors,10,314000,10.223515,2.737621,0.732328,4.977750,0.00003750,37.776606
ckpt_e10_s315000.safetensors,10,315000,10.114647,2.853623,0.885870,4.917693,0.00003743,37.776606
ckpt_e10_s316000.safetensors,10,316000,10.052531,2.812517,0.841013,4.943454,0.00003736,37.776606
ckpt_e10_s317000.safetensors,10,317000,10.048144,2.769427,0.772413,4.947623,0.00003729,37.776606
ckpt_e10_s318000.safetensors,10,318000,10.033968,2.722820,0.719710,4.960779,0.00003721,37.776606
ckpt_e10_s319000.safetensors,10,319000,10.022788,2.790171,0.779418,4.968256,0.00003714,37.776606
ckpt_e10_s320000.safetensors,10,320000,10.047281,2.762485,0.757784,4.959338,0.00003707,37.776606
ckpt_e10_s321000.safetensors,10,321000,10.014977,2.766477,0.772725,4.948081,0.00003700,37.776606
ckpt_e10_s322000.safetensors,10,322000,9.974727,2.881391,0.934859,4.912777,0.00003693,37.776606
ckpt_e10_s323000.safetensors,10,323000,9.958885,2.735194,0.723131,4.963656,0.00003685,37.776606
ckpt_e10_s324000.safetensors,10,324000,9.938399,2.729240,0.726183,4.957292,0.00003678,37.776606
ckpt_e10_s325000.safetensors,10,325000,9.907621,2.799954,0.826550,4.935450,0.00003671,37.776606
ckpt_e10_s326000.safetensors,10,326000,9.889225,2.762409,0.784513,4.946670,0.00003664,37.776606
ckpt_e10_s327000.safetensors,10,327000,9.896249,2.705161,0.690890,4.977773,0.00003656,37.776606
ckpt_e10_s328000.safetensors,10,328000,9.870210,2.749628,0.743015,4.951031,0.00003649,37.776606
ckpt_e10_s329000.safetensors,10,329000,9.861263,2.701309,0.692363,4.964671,0.00003642,37.776606
ckpt_e10_s330000.safetensors,10,330000,9.862167,2.771844,0.772944,4.943116,0.00003634,37.776606
ckpt_e10_s331000.safetensors,10,331000,9.827803,2.795045,0.803712,4.940719,0.00003627,37.776606
ckpt_e10_s332000.safetensors,10,332000,9.817536,2.732218,0.724702,4.963394,0.00003620,37.776606
ckpt_e10_s333000.safetensors,10,333000,9.795245,2.760309,0.772774,4.942621,0.00003612,37.776606
ckpt_e10_s334000.safetensors,10,334000,9.794456,2.775372,0.751684,4.954944,0.00003605,37.776606
ckpt_e10_s335000.safetensors,10,335000,9.802996,2.761496,0.765828,4.947016,0.00003598,37.776606
ckpt_e10_s336000.safetensors,10,336000,9.783559,2.735451,0.727587,4.957456,0.00003590,37.776606
ckpt_e10_s337000.safetensors,10,337000,9.771852,2.783376,0.808569,4.936905,0.00003583,37.776606
ckpt_e10_s338000.safetensors,10,338000,9.757567,2.767485,0.752056,4.978621,0.00003576,37.776606
ckpt_e10_s339000.safetensors,10,339000,9.758253,2.703817,0.706044,4.958962,0.00003568,37.776606
ckpt_e10_s340000.safetensors,10,340000,9.738053,2.759452,0.760020,4.954820,0.00003561,37.776606
ckpt_e10_s341000.safetensors,10,341000,9.721141,2.751434,0.745366,4.946923,0.00003553,37.776606
ckpt_e10_s342000.safetensors,10,342000,9.716440,2.743323,0.722339,4.953966,0.00003546,37.776606
ckpt_e10_s343000.safetensors,10,343000,9.702595,2.723861,0.717245,4.949185,0.00003538,37.776606
ckpt_e10_s344000.safetensors,10,344000,9.703311,2.754588,0.749465,4.944820,0.00003531,37.776606
ckpt_e10_s345000.safetensors,10,345000,9.684521,2.752797,0.756244,4.952795,0.00003523,37.776606
ckpt_e10_s346000.safetensors,10,346000,9.680455,2.708760,0.699833,4.965768,0.00003516,37.776606
ckpt_e10_s347000.safetensors,10,347000,9.667373,2.704506,0.686541,4.981466,0.00003508,37.776606
ckpt_e10_s348000.safetensors,10,348000,9.657467,2.822865,0.839982,4.932110,0.00003501,37.776606
ckpt_e10_s349000.safetensors,10,349000,9.651434,2.731722,0.702532,4.972782,0.00003493,37.776606
ckpt_e11_s350000.safetensors,11,350000,7.219454,2.768527,0.735255,4.940262,0.00003486,37.776606
ckpt_e11_s351000.safetensors,11,351000,7.052942,2.716753,0.713000,4.939950,0.00003478,37.776606
ckpt_e11_s352000.safetensors,11,352000,6.993822,2.798455,0.851412,4.895280,0.00003471,37.776606
ckpt_e11_s353000.safetensors,11,353000,6.942940,2.717927,0.709366,4.930029,0.00003463,37.776606
ckpt_e11_s354000.safetensors,11,354000,6.903412,2.722111,0.738417,4.924175,0.00003456,37.776606
ckpt_e11_s355000.safetensors,11,355000,6.915033,2.826932,0.883793,4.878983,0.00003448,37.776606
ckpt_e11_s356000.safetensors,11,356000,6.856755,2.714728,0.723849,4.930210,0.00003441,37.776606
ckpt_e11_s357000.safetensors,11,357000,6.839455,2.711250,0.716025,4.931572,0.00003433,37.776606
ckpt_e11_s358000.safetensors,11,358000,6.812216,2.699062,0.701070,4.940889,0.00003425,37.776606
ckpt_e11_s359000.safetensors,11,359000,6.813697,2.775631,0.767707,4.927618,0.00003418,37.776606
ckpt_e11_s360000.safetensors,11,360000,6.802698,2.675852,0.687934,4.944825,0.00003410,37.776606
ckpt_e11_s361000.safetensors,11,361000,6.777586,2.729788,0.739445,4.920710,0.00003403,37.776606
ckpt_e11_s362000.safetensors,11,362000,6.787168,2.727807,0.724394,4.941806,0.00003395,37.776606
ckpt_e11_s363000.safetensors,11,363000,6.755912,2.670905,0.664598,4.936615,0.00003387,37.776606
ckpt_e11_s364000.safetensors,11,364000,6.722212,2.857693,0.932957,4.877039,0.00003380,37.776606
ckpt_e11_s365000.safetensors,11,365000,6.713906,2.731543,0.725319,4.918955,0.00003372,37.776606
ckpt_e11_s366000.safetensors,11,366000,6.710745,2.652729,0.645916,4.954619,0.00003364,37.776606
ckpt_e11_s367000.safetensors,11,367000,6.694815,2.679706,0.670003,4.942149,0.00003357,37.776606
ckpt_e11_s368000.safetensors,11,368000,6.671981,2.737827,0.752984,4.915592,0.00003349,37.776606
ckpt_e11_s369000.safetensors,11,369000,6.672376,2.637164,0.639478,4.944151,0.00003341,37.776606
ckpt_e11_s370000.safetensors,11,370000,6.654762,2.763437,0.778986,4.915575,0.00003334,37.776606
ckpt_e11_s371000.safetensors,11,371000,6.649739,2.671450,0.662160,4.945770,0.00003326,37.776606
ckpt_e11_s372000.safetensors,11,372000,6.637470,2.641064,0.644931,4.951262,0.00003318,37.776606
ckpt_e11_s373000.safetensors,11,373000,6.636992,2.850057,0.882495,4.896578,0.00003311,37.776606
ckpt_e11_s374000.safetensors,11,374000,6.617661,2.636503,0.612461,4.950175,0.00003303,37.776606
ckpt_e11_s375000.safetensors,11,375000,6.616870,2.780680,0.806707,4.914435,0.00003295,37.776606
ckpt_e11_s376000.safetensors,11,376000,6.608207,2.649113,0.652151,4.947198,0.00003287,37.776606
ckpt_e11_s377000.safetensors,11,377000,6.593236,2.700618,0.712211,4.932831,0.00003280,37.776606
ckpt_e11_s378000.safetensors,11,378000,6.576985,2.671450,0.680631,4.945932,0.00003272,37.776606
ckpt_e11_s379000.safetensors,11,379000,6.577288,2.744279,0.748657,4.932298,0.00003264,37.776606
ckpt_e11_s380000.safetensors,11,380000,6.567144,2.650270,0.636025,4.958924,0.00003256,37.776606
ckpt_e11_s381000.safetensors,11,381000,6.560461,2.687432,0.685307,4.934130,0.00003249,37.776606
ckpt_e11_s382000.safetensors,11,382000,6.558309,2.753816,0.717188,4.959322,0.00003241,37.776606
ckpt_e11_s383000.safetensors,11,383000,6.538004,2.687878,0.662593,4.963667,0.00003233,37.776606
ckpt_e11_s384000.safetensors,11,384000,6.532618,2.658030,0.630127,4.964455,0.00003225,37.776606
ckpt_e11_s385000.safetensors,11,385000,6.520169,2.718404,0.736421,4.933638,0.00003218,37.776606
ckpt_e11_s386000.safetensors,11,386000,6.515840,2.692370,0.676001,4.948431,0.00003210,37.776606
ckpt_e12_s387000.safetensors,12,387000,4.973251,2.930870,0.917861,4.899712,0.00003202,37.776606
ckpt_e12_s388000.safetensors,12,388000,5.148526,2.647161,0.653375,4.940823,0.00003194,37.776606
ckpt_e12_s389000.safetensors,12,389000,5.057341,2.855601,0.918501,4.869295,0.00003186,37.776606
ckpt_e12_s390000.safetensors,12,390000,5.049270,2.828776,0.833660,4.896228,0.00003179,37.776606
ckpt_e12_s391000.safetensors,12,391000,5.031570,2.612184,0.589072,4.950185,0.00003171,37.776606
ckpt_e12_s392000.safetensors,12,392000,5.031273,2.795568,0.795296,4.900743,0.00003163,37.776606
ckpt_e12_s393000.safetensors,12,393000,4.999811,2.686953,0.692348,4.928014,0.00003155,37.776606
ckpt_e12_s394000.safetensors,12,394000,4.999921,2.732626,0.706348,4.936099,0.00003147,37.776606
ckpt_e12_s395000.safetensors,12,395000,4.977258,2.734374,0.732429,4.924675,0.00003139,37.776606
ckpt_e12_s396000.safetensors,12,396000,4.924494,2.657825,0.639352,4.941494,0.00003132,37.776606
ckpt_e12_s397000.safetensors,12,397000,4.910880,2.658802,0.611057,4.956211,0.00003124,37.776606
ckpt_e12_s398000.safetensors,12,398000,4.907518,2.705037,0.676892,4.941786,0.00003116,37.776606
ckpt_e12_s399000.safetensors,12,399000,4.891441,2.717603,0.716035,4.922363,0.00003108,37.776606
ckpt_e12_s400000.safetensors,12,400000,4.886113,2.674664,0.673562,4.934915,0.00003100,37.776606
ckpt_e12_s401000.safetensors,12,401000,4.875285,2.773608,0.799090,4.897084,0.00003092,37.776606
ckpt_e12_s402000.safetensors,12,402000,4.889864,2.710634,0.672565,4.955071,0.00003084,37.776606
ckpt_e12_s403000.safetensors,12,403000,4.868324,2.747686,0.687477,4.965008,0.00003077,37.776606
ckpt_e12_s404000.safetensors,12,404000,4.865706,2.694177,0.672387,4.957966,0.00003069,37.776606
ckpt_e12_s405000.safetensors,12,405000,4.857433,2.637066,0.604221,4.957680,0.00003061,37.776606
ckpt_e12_s406000.safetensors,12,406000,4.854115,2.721674,0.693868,4.956121,0.00003053,37.776606
ckpt_e12_s407000.safetensors,12,407000,4.845913,2.803610,0.757220,4.942151,0.00003045,37.776606
ckpt_e12_s408000.safetensors,12,408000,4.840365,2.688900,0.691626,4.938927,0.00003037,37.776606
ckpt_e12_s409000.safetensors,12,409000,4.825428,2.704867,0.703282,4.936036,0.00003029,37.776606
ckpt_e12_s410000.safetensors,12,410000,4.811851,2.661664,0.615079,4.950719,0.00003021,37.776606
ckpt_e12_s411000.safetensors,12,411000,4.803919,2.642059,0.622074,4.953454,0.00003013,37.776606
ckpt_e12_s412000.safetensors,12,412000,4.789159,2.710232,0.680149,4.950346,0.00003005,37.776606
ckpt_e12_s413000.safetensors,12,413000,4.783133,2.672453,0.607889,4.972576,0.00002998,37.776606
ckpt_e12_s414000.safetensors,12,414000,4.776504,2.686340,0.672770,4.961010,0.00002990,37.776606
ckpt_e12_s415000.safetensors,12,415000,4.774353,2.688572,0.659041,4.948656,0.00002982,37.776606
ckpt_e12_s416000.safetensors,12,416000,4.759327,2.875015,0.932730,4.872908,0.00002974,37.776606
ckpt_e12_s417000.safetensors,12,417000,4.745006,2.715585,0.702918,4.951903,0.00002966,37.776606
ckpt_e12_s418000.safetensors,12,418000,4.742002,2.669077,0.634896,4.975865,0.00002958,37.776606
ckpt_e12_s419000.safetensors,12,419000,4.729865,2.707848,0.696252,4.933312,0.00002950,37.776606
ckpt_e12_s420000.safetensors,12,420000,4.721194,2.661579,0.645659,4.957298,0.00002942,37.776606
ckpt_e12_s421000.safetensors,12,421000,4.718513,2.803880,0.806061,4.945637,0.00002934,37.776606
ckpt_e12_s422000.safetensors,12,422000,4.710368,2.692144,0.673496,4.946065,0.00002926,37.776606
ckpt_e12_s423000.safetensors,12,423000,4.697133,2.660628,0.634732,4.952101,0.00002918,37.776606
ckpt_e13_s424000.safetensors,13,424000,10.503666,2.649417,0.670685,4.918093,0.00002910,37.776606
ckpt_e13_s425000.safetensors,13,425000,10.410058,2.652422,0.633363,4.943251,0.00002902,37.776606
ckpt_e13_s426000.safetensors,13,426000,10.259893,2.658810,0.641183,4.926198,0.00002894,37.776606
ckpt_e13_s427000.safetensors,13,427000,10.198439,2.681973,0.716662,4.900868,0.00002886,37.776606
ckpt_e13_s428000.safetensors,13,428000,10.082301,2.638013,0.629512,4.926338,0.00002879,37.776606
ckpt_e13_s429000.safetensors,13,429000,10.012668,2.616469,0.602921,4.933280,0.00002871,37.776606
ckpt_e13_s430000.safetensors,13,430000,9.968034,2.751647,0.796394,4.865057,0.00002863,37.776606
ckpt_e13_s431000.safetensors,13,431000,9.919769,2.647368,0.669621,4.899910,0.00002855,37.776606
ckpt_e13_s432000.safetensors,13,432000,9.848856,2.651914,0.672565,4.897588,0.00002847,37.776606
ckpt_e13_s433000.safetensors,13,433000,9.863097,2.610337,0.622765,4.902665,0.00002839,37.776606
ckpt_e13_s434000.safetensors,13,434000,9.814592,2.616304,0.630013,4.906680,0.00002831,37.776606
ckpt_e13_s435000.safetensors,13,435000,9.764527,2.561201,0.574340,4.917924,0.00002823,37.776606
ckpt_e13_s436000.safetensors,13,436000,9.728566,2.598003,0.596232,4.932307,0.00002815,37.776606
ckpt_e13_s437000.safetensors,13,437000,9.746863,2.661729,0.669201,4.916776,0.00002807,37.776606
ckpt_e13_s438000.safetensors,13,438000,9.725407,2.657885,0.654194,4.917709,0.00002799,37.776606
ckpt_e13_s439000.safetensors,13,439000,9.710543,2.636904,0.631694,4.909550,0.00002791,37.776606
ckpt_e13_s440000.safetensors,13,440000,9.679181,2.589094,0.598256,4.912575,0.00002783,37.776606
ckpt_e13_s441000.safetensors,13,441000,9.663144,2.590538,0.600901,4.909907,0.00002775,37.776606
ckpt_e13_s442000.safetensors,13,442000,9.637143,2.589846,0.595672,4.904496,0.00002767,37.776606
ckpt_e13_s443000.safetensors,13,443000,9.615906,2.706562,0.773365,4.857017,0.00002759,37.776606
ckpt_e13_s444000.safetensors,13,444000,9.603093,2.661410,0.686604,4.881162,0.00002751,37.776606
ckpt_e13_s445000.safetensors,13,445000,9.587524,2.596954,0.618005,4.894113,0.00002743,37.776606
ckpt_e13_s446000.safetensors,13,446000,9.557741,2.634211,0.655860,4.886087,0.00002735,37.776606
ckpt_e13_s447000.safetensors,13,447000,9.531090,2.581465,0.596637,4.909875,0.00002727,37.776606
ckpt_e13_s448000.safetensors,13,448000,9.526094,2.626862,0.657801,4.888902,0.00002719,37.776606
ckpt_e13_s449000.safetensors,13,449000,9.500565,2.642790,0.669403,4.898587,0.00002711,37.776606
ckpt_e13_s450000.safetensors,13,450000,9.495448,2.542917,0.557600,4.901389,0.00002703,37.776606
ckpt_e13_s451000.safetensors,13,451000,9.467304,2.719547,0.778893,4.857137,0.00002695,37.776606
ckpt_e13_s452000.safetensors,13,452000,9.446534,2.575898,0.588986,4.902972,0.00002688,37.776606
ckpt_e13_s453000.safetensors,13,453000,9.432566,2.625147,0.660076,4.884614,0.00002680,37.776606
ckpt_e13_s454000.safetensors,13,454000,9.425989,2.570093,0.586186,4.899878,0.00002672,37.776606
ckpt_e13_s455000.safetensors,13,455000,9.404068,2.581199,0.605950,4.893762,0.00002664,37.776606
ckpt_e13_s456000.safetensors,13,456000,9.380885,2.560587,0.574627,4.893393,0.00002656,37.776606
ckpt_e13_s457000.safetensors,13,457000,9.366646,2.588265,0.622274,4.881579,0.00002648,37.776606
ckpt_e13_s458000.safetensors,13,458000,9.357735,2.732614,0.780206,4.907501,0.00002640,37.776606
ckpt_e13_s459000.safetensors,13,459000,9.349694,2.629353,0.654606,4.889412,0.00002632,37.776606
ckpt_e13_s460000.safetensors,13,460000,9.340321,2.542388,0.565678,4.906644,0.00002624,37.776606
ckpt_e14_s461000.safetensors,14,461000,22.111895,2.604029,0.654189,4.854929,0.00002616,37.776606
ckpt_e14_s462000.safetensors,14,462000,21.523249,2.674189,0.722924,4.826593,0.00002608,37.776606
ckpt_e14_s463000.safetensors,14,463000,21.232927,2.606232,0.664197,4.852536,0.00002600,37.776606
ckpt_e14_s464000.safetensors,14,464000,21.293400,2.544351,0.587154,4.873655,0.00002592,37.776606
ckpt_e14_s465000.safetensors,14,465000,21.220130,2.579074,0.620787,4.855804,0.00002584,37.776606
ckpt_e14_s466000.safetensors,14,466000,21.195791,2.559655,0.606890,4.855637,0.00002576,37.776606
ckpt_e14_s467000.safetensors,14,467000,21.098586,2.551591,0.585218,4.860615,0.00002568,37.776606
ckpt_e14_s468000.safetensors,14,468000,20.974682,2.545565,0.555389,4.871939,0.00002560,37.776606
ckpt_e14_s469000.safetensors,14,469000,21.025649,2.586444,0.615301,4.865837,0.00002552,37.776606
ckpt_e14_s470000.safetensors,14,470000,21.036489,2.547982,0.580511,4.867051,0.00002544,37.776606
ckpt_e14_s471000.safetensors,14,471000,20.950473,2.626304,0.632041,4.835227,0.00002537,37.776606
ckpt_e14_s472000.safetensors,14,472000,20.957165,2.533797,0.570848,4.865114,0.00002529,37.776606
ckpt_e14_s473000.safetensors,14,473000,20.921327,2.539396,0.575133,4.863233,0.00002521,37.776606
ckpt_e14_s474000.safetensors,14,474000,20.901660,2.554371,0.606393,4.855450,0.00002513,37.776606
ckpt_e14_s475000.safetensors,14,475000,20.885786,2.576152,0.613757,4.843170,0.00002505,37.776606
ckpt_e14_s476000.safetensors,14,476000,20.859045,2.570459,0.582902,4.861262,0.00002497,37.776606
ckpt_e14_s477000.safetensors,14,477000,20.837317,2.533363,0.574538,4.864211,0.00002489,37.776606
ckpt_e14_s478000.safetensors,14,478000,20.795880,2.555043,0.608781,4.854811,0.00002481,37.776606
ckpt_e14_s479000.safetensors,14,479000,20.795913,2.544302,0.598795,4.859933,0.00002473,37.776606
ckpt_e14_s480000.safetensors,14,480000,20.774880,2.574677,0.631874,4.842680,0.00002465,37.776606
ckpt_e14_s481000.safetensors,14,481000,20.741545,2.583959,0.609132,4.842649,0.00002457,37.776606
ckpt_e14_s482000.safetensors,14,482000,20.753435,2.566915,0.596285,4.848914,0.00002450,37.776606
ckpt_e14_s483000.safetensors,14,483000,20.705891,2.579510,0.635878,4.837545,0.00002442,37.776606
ckpt_e14_s484000.safetensors,14,484000,20.698845,2.533801,0.547409,4.859964,0.00002434,37.776606
ckpt_e14_s485000.safetensors,14,485000,20.679179,2.493198,0.526349,4.866684,0.00002426,37.776606
ckpt_e14_s486000.safetensors,14,486000,20.656649,2.621282,0.698723,4.819320,0.00002418,37.776606
ckpt_e14_s487000.safetensors,14,487000,20.609710,2.559703,0.583177,4.839345,0.00002410,37.776606
ckpt_e14_s488000.safetensors,14,488000,20.613396,2.480017,0.516707,4.864755,0.00002402,37.776606
ckpt_e14_s489000.safetensors,14,489000,20.607389,2.531763,0.571935,4.834571,0.00002394,37.776606
ckpt_e14_s490000.safetensors,14,490000,20.580427,2.462876,0.505010,4.855922,0.00002387,37.776606
ckpt_e14_s491000.safetensors,14,491000,20.562831,2.534838,0.584459,4.850722,0.00002379,37.776606
ckpt_e14_s492000.safetensors,14,492000,20.546813,2.500226,0.522807,4.857378,0.00002371,37.776606
ckpt_e14_s493000.safetensors,14,493000,20.534988,2.562988,0.628900,4.835692,0.00002363,37.776606
ckpt_e14_s494000.safetensors,14,494000,20.530161,2.492046,0.548120,4.848900,0.00002355,37.776606
ckpt_e14_s495000.safetensors,14,495000,20.496880,2.625096,0.692274,4.805136,0.00002347,37.776606
ckpt_e14_s496000.safetensors,14,496000,20.481430,2.514312,0.569656,4.853875,0.00002339,37.776606
ckpt_e14_s497000.safetensors,14,497000,20.479947,2.494290,0.537924,4.861795,0.00002332,37.776606
ckpt_e15_s498000.safetensors,15,498000,13.097033,2.546142,0.606240,4.827629,0.00002324,37.776606
ckpt_e15_s499000.safetensors,15,499000,12.217009,2.561052,0.643033,4.819208,0.00002316,37.776606
ckpt_e15_s500000.safetensors,15,500000,12.152056,2.488036,0.535940,4.831511,0.00002308,37.776606
ckpt_e15_s501000.safetensors,15,501000,11.947131,2.656778,0.737001,4.788929,0.00002300,37.776606
ckpt_e15_s502000.safetensors,15,502000,11.793439,2.556297,0.620900,4.816415,0.00002293,37.776606
ckpt_e15_s503000.safetensors,15,503000,11.720389,2.731524,0.844068,4.776517,0.00002285,37.776606
ckpt_e15_s504000.safetensors,15,504000,11.742759,2.522914,0.572590,4.827362,0.00002277,37.776606
ckpt_e15_s505000.safetensors,15,505000,11.664066,2.521552,0.572112,4.819945,0.00002269,37.776606
ckpt_e15_s506000.safetensors,15,506000,11.631310,2.626636,0.712001,4.791384,0.00002261,37.776606
ckpt_e15_s507000.safetensors,15,507000,11.599527,2.527192,0.549709,4.832529,0.00002254,37.776606
ckpt_e15_s508000.safetensors,15,508000,11.557016,2.644808,0.743804,4.782406,0.00002246,37.776606
ckpt_e15_s509000.safetensors,15,509000,11.549357,2.510292,0.565604,4.820285,0.00002238,37.776606
ckpt_e15_s510000.safetensors,15,510000,11.518894,2.934956,0.991745,4.771729,0.00002230,37.776606
ckpt_e15_s511000.safetensors,15,511000,11.514337,2.510745,0.567926,4.820227,0.00002223,37.776606
ckpt_e15_s512000.safetensors,15,512000,11.485556,2.619216,0.706410,4.786177,0.00002215,37.776606
ckpt_e15_s513000.safetensors,15,513000,11.469827,2.563744,0.602973,4.819049,0.00002207,37.776606
ckpt_e15_s514000.safetensors,15,514000,11.448830,2.543455,0.607973,4.816563,0.00002199,37.776606
ckpt_e15_s515000.safetensors,15,515000,11.437579,2.520736,0.581309,4.815388,0.00002192,37.776606
ckpt_e15_s516000.safetensors,15,516000,11.413756,2.543024,0.580172,4.816971,0.00002184,37.776606
ckpt_e15_s517000.safetensors,15,517000,11.399229,2.559176,0.633243,4.806532,0.00002176,37.776606
ckpt_e15_s518000.safetensors,15,518000,11.381027,2.508605,0.584171,4.812753,0.00002169,37.776606
ckpt_e15_s519000.safetensors,15,519000,11.381241,2.495254,0.540151,4.824456,0.00002161,37.776606
ckpt_e15_s520000.safetensors,15,520000,11.356701,2.920631,0.984696,4.768022,0.00002153,37.776606
ckpt_e15_s521000.safetensors,15,521000,11.357513,2.635850,0.669273,4.802550,0.00002146,37.776606
ckpt_e15_s522000.safetensors,15,522000,11.362406,2.592782,0.669008,4.797835,0.00002138,37.776606
ckpt_e15_s523000.safetensors,15,523000,11.341400,2.540812,0.612354,4.809615,0.00002130,37.776606
ckpt_e15_s524000.safetensors,15,524000,11.325188,2.734269,0.891543,4.738058,0.00002123,37.776606
ckpt_e15_s525000.safetensors,15,525000,11.316374,2.479671,0.530467,4.829473,0.00002115,37.776606
ckpt_e15_s526000.safetensors,15,526000,11.298533,2.497740,0.525832,4.823294,0.00002107,37.776606
ckpt_e15_s527000.safetensors,15,527000,11.290993,2.544268,0.568177,4.819688,0.00002100,37.776606
ckpt_e15_s528000.safetensors,15,528000,11.282472,2.581810,0.621000,4.815031,0.00002092,37.776606
ckpt_e15_s529000.safetensors,15,529000,11.273999,2.479561,0.545968,4.825736,0.00002084,37.776606
ckpt_e15_s530000.safetensors,15,530000,11.261062,2.493224,0.532763,4.829807,0.00002077,37.776606
ckpt_e15_s531000.safetensors,15,531000,11.250788,2.514775,0.558994,4.817115,0.00002069,37.776606
ckpt_e15_s532000.safetensors,15,532000,11.232824,2.566066,0.619134,4.813397,0.00002062,37.776606
ckpt_e15_s533000.safetensors,15,533000,11.227269,2.502768,0.549600,4.817502,0.00002054,37.776606
ckpt_e15_s534000.safetensors,15,534000,11.221486,2.514078,0.576082,4.812947,0.00002047,37.776606
ckpt_e16_s535000.safetensors,16,535000,6.813949,2.505234,0.570562,4.819396,0.00002039,37.776606
ckpt_e16_s536000.safetensors,16,536000,6.645724,2.553156,0.622696,4.790710,0.00002031,37.776606
ckpt_e16_s537000.safetensors,16,537000,6.542878,2.526465,0.600231,4.805013,0.00002024,37.776606
ckpt_e16_s538000.safetensors,16,538000,6.499818,2.457179,0.504505,4.809055,0.00002016,37.776606
ckpt_e16_s539000.safetensors,16,539000,6.412116,2.491204,0.561066,4.800598,0.00002009,37.776606
ckpt_e16_s540000.safetensors,16,540000,6.405507,2.526804,0.588298,4.789111,0.00002001,37.776606
ckpt_e16_s541000.safetensors,16,541000,6.391416,2.525212,0.585252,4.819742,0.00001994,37.776606
ckpt_e16_s542000.safetensors,16,542000,6.350795,2.478759,0.539310,4.815387,0.00001986,37.776606
ckpt_e16_s543000.safetensors,16,543000,6.347813,2.508801,0.574684,4.805199,0.00001979,37.776606
ckpt_e16_s544000.safetensors,16,544000,6.320551,2.542845,0.632796,4.791764,0.00001971,37.776606
ckpt_e16_s545000.safetensors,16,545000,6.304911,2.447607,0.513608,4.814605,0.00001964,37.776606
ckpt_e16_s546000.safetensors,16,546000,6.285585,2.485386,0.546582,4.804641,0.00001956,37.776606
ckpt_e16_s547000.safetensors,16,547000,6.294764,2.479732,0.543362,4.815725,0.00001949,37.776606
ckpt_e16_s548000.safetensors,16,548000,6.264559,2.482451,0.538170,4.820303,0.00001942,37.776606
ckpt_e16_s549000.safetensors,16,549000,6.254610,2.466933,0.531854,4.815302,0.00001934,37.776606
ckpt_e16_s550000.safetensors,16,550000,6.249486,2.523567,0.604547,4.811307,0.00001927,37.776606
ckpt_e16_s551000.safetensors,16,551000,6.234146,2.521414,0.613179,4.794950,0.00001919,37.776606
ckpt_e16_s552000.safetensors,16,552000,6.214036,2.468865,0.539771,4.813542,0.00001912,37.776606
ckpt_e16_s553000.safetensors,16,553000,6.220763,2.445270,0.515642,4.819775,0.00001905,37.776606
ckpt_e16_s554000.safetensors,16,554000,6.211156,2.456754,0.513737,4.824400,0.00001897,37.776606
ckpt_e16_s555000.safetensors,16,555000,6.197392,2.439438,0.472312,4.832197,0.00001890,37.776606
ckpt_e16_s556000.safetensors,16,556000,6.180555,2.471151,0.523304,4.815137,0.00001882,37.776606
ckpt_e16_s557000.safetensors,16,557000,6.177025,2.524150,0.575061,4.814036,0.00001875,37.776606
ckpt_e16_s558000.safetensors,16,558000,6.167192,2.448502,0.517292,4.822390,0.00001868,37.776606
ckpt_e16_s559000.safetensors,16,559000,6.157164,2.461894,0.517641,4.821848,0.00001860,37.776606
ckpt_e16_s560000.safetensors,16,560000,6.155580,2.459555,0.526882,4.829081,0.00001853,37.776606
ckpt_e16_s561000.safetensors,16,561000,6.141965,2.469739,0.530095,4.822314,0.00001846,37.776606
ckpt_e16_s562000.safetensors,16,562000,6.137299,2.446980,0.494625,4.851080,0.00001839,37.776606
ckpt_e16_s563000.safetensors,16,563000,6.136013,2.418285,0.459110,4.842581,0.00001831,37.776606
ckpt_e16_s564000.safetensors,16,564000,6.127713,2.495541,0.570939,4.808701,0.00001824,37.776606
ckpt_e16_s565000.safetensors,16,565000,6.117769,2.428413,0.472317,4.834791,0.00001817,37.776606
ckpt_e16_s566000.safetensors,16,566000,6.116736,2.438940,0.515405,4.805507,0.00001810,37.776606
ckpt_e16_s567000.safetensors,16,567000,6.110011,2.524273,0.610107,4.796456,0.00001802,37.776606
ckpt_e16_s568000.safetensors,16,568000,6.108612,2.466967,0.529772,4.835253,0.00001795,37.776606
ckpt_e16_s569000.safetensors,16,569000,6.089245,2.467809,0.524467,4.827553,0.00001788,37.776606
ckpt_e16_s570000.safetensors,16,570000,6.083857,2.449449,0.495596,4.836458,0.00001781,37.776606
ckpt_e16_s571000.safetensors,16,571000,6.081014,2.480881,0.536400,4.816793,0.00001774,37.776606
ckpt_e17_s572000.safetensors,17,572000,9.909017,2.452628,0.480196,4.821770,0.00001766,37.776606
ckpt_e17_s573000.safetensors,17,573000,9.911414,2.553988,0.595865,4.807009,0.00001759,37.776606
ckpt_e17_s574000.safetensors,17,574000,9.909417,2.451643,0.479934,4.836100,0.00001752,37.776606
ckpt_e17_s575000.safetensors,17,575000,9.931451,2.455261,0.480346,4.833384,0.00001745,37.776606
ckpt_e17_s576000.safetensors,17,576000,9.858974,2.457277,0.473632,4.836308,0.00001738,37.776606
ckpt_e17_s577000.safetensors,17,577000,9.798365,2.431333,0.452200,4.837863,0.00001731,37.776606
ckpt_e17_s578000.safetensors,17,578000,9.863792,2.433949,0.438321,4.843903,0.00001724,37.776606
ckpt_e17_s579000.safetensors,17,579000,9.851953,2.547083,0.554490,4.843617,0.00001717,37.776606
ckpt_e17_s580000.safetensors,17,580000,9.837366,2.482754,0.539646,4.824796,0.00001709,37.776606
ckpt_e17_s581000.safetensors,17,581000,9.830230,2.543518,0.573030,4.814147,0.00001702,37.776606
ckpt_e17_s582000.safetensors,17,582000,9.822854,2.463684,0.490243,4.839713,0.00001695,37.776606
ckpt_e17_s583000.safetensors,17,583000,9.788660,2.508671,0.540589,4.812186,0.00001688,37.776606
ckpt_e17_s584000.safetensors,17,584000,9.781683,2.528899,0.588002,4.810136,0.00001681,37.776606
ckpt_e17_s585000.safetensors,17,585000,9.774666,2.479269,0.519167,4.820610,0.00001674,37.776606
ckpt_e17_s586000.safetensors,17,586000,9.781748,2.488975,0.508451,4.824304,0.00001667,37.776606
ckpt_e17_s587000.safetensors,17,587000,9.758387,2.503431,0.541797,4.825106,0.00001660,37.776606
ckpt_e17_s588000.safetensors,17,588000,9.741540,2.568123,0.589376,4.816649,0.00001653,37.776606
ckpt_e17_s589000.safetensors,17,589000,9.734266,2.513162,0.560152,4.808995,0.00001646,37.776606
ckpt_e17_s590000.safetensors,17,590000,9.729030,2.471496,0.499035,4.820288,0.00001640,37.776606
ckpt_e17_s591000.safetensors,17,591000,9.710400,2.564866,0.621474,4.799819,0.00001633,37.776606
ckpt_e17_s592000.safetensors,17,592000,9.714383,2.478342,0.494500,4.821620,0.00001626,37.776606
ckpt_e17_s593000.safetensors,17,593000,9.686458,2.558027,0.573852,4.816718,0.00001619,37.776606
ckpt_e17_s594000.safetensors,17,594000,9.697517,2.472213,0.512620,4.828145,0.00001612,37.776606
ckpt_e17_s595000.safetensors,17,595000,9.693205,2.522973,0.596164,4.803751,0.00001605,37.776606
ckpt_e17_s596000.safetensors,17,596000,9.686081,2.522017,0.553032,4.824217,0.00001598,37.776606
ckpt_e17_s597000.safetensors,17,597000,9.678413,2.532224,0.570764,4.815818,0.00001591,37.776606
ckpt_e17_s598000.safetensors,17,598000,9.671719,2.476615,0.524351,4.816669,0.00001585,37.776606
ckpt_e17_s599000.safetensors,17,599000,9.675986,3.092633,1.086073,4.785822,0.00001578,37.776606
ckpt_e17_s600000.safetensors,17,600000,9.692929,2.514416,0.534914,4.827712,0.00001571,37.776606
ckpt_e17_s601000.safetensors,17,601000,9.677906,2.492265,0.536496,4.819811,0.00001564,37.776606
ckpt_e17_s602000.safetensors,17,602000,9.663707,2.489804,0.527783,4.821313,0.00001557,37.776606
ckpt_e17_s603000.safetensors,17,603000,9.665076,2.442947,0.465771,4.835457,0.00001551,37.776606
ckpt_e17_s604000.safetensors,17,604000,9.646363,2.497048,0.520992,4.811180,0.00001544,37.776606
ckpt_e17_s605000.safetensors,17,605000,9.653641,2.457937,0.492698,4.826372,0.00001537,37.776606
ckpt_e17_s606000.safetensors,17,606000,9.655331,2.444828,0.451487,4.852523,0.00001531,37.776606
ckpt_e17_s607000.safetensors,17,607000,9.648306,2.476930,0.469170,4.850437,0.00001524,37.776606
ckpt_e17_s608000.safetensors,17,608000,9.639827,2.493421,0.509219,4.832578,0.00001517,37.776606
ckpt_e18_s609000.safetensors,18,609000,9.212497,2.420990,0.494202,4.803219,0.00001511,37.776606
ckpt_e18_s610000.safetensors,18,610000,9.280927,2.389053,0.442393,4.812198,0.00001504,37.776606
ckpt_e18_s611000.safetensors,18,611000,9.122928,2.365530,0.419219,4.802892,0.00001497,37.776606
ckpt_e18_s612000.safetensors,18,612000,9.142969,2.415965,0.494799,4.783690,0.00001491,37.776606
ckpt_e18_s613000.safetensors,18,613000,9.119283,2.385054,0.441689,4.792852,0.00001484,37.776606
ckpt_e18_s614000.safetensors,18,614000,9.076270,2.419869,0.519328,4.784543,0.00001478,37.776606
ckpt_e18_s615000.safetensors,18,615000,9.033465,2.394198,0.478541,4.791637,0.00001471,37.776606
ckpt_e18_s616000.safetensors,18,616000,8.996038,2.392994,0.470806,4.776468,0.00001464,37.776606
ckpt_e18_s617000.safetensors,18,617000,9.006643,2.379636,0.445746,4.798735,0.00001458,37.776606
ckpt_e18_s618000.safetensors,18,618000,8.965680,2.393262,0.466374,4.789367,0.00001451,37.776606
ckpt_e18_s619000.safetensors,18,619000,8.950187,2.366453,0.433897,4.791876,0.00001445,37.776606
ckpt_e18_s620000.safetensors,18,620000,8.959818,2.373736,0.435560,4.791413,0.00001438,37.776606
ckpt_e18_s621000.safetensors,18,621000,8.941926,2.421302,0.497944,4.773333,0.00001432,37.776606
ckpt_e18_s622000.safetensors,18,622000,8.921013,2.382586,0.436927,4.812150,0.00001425,37.776606
ckpt_e18_s623000.safetensors,18,623000,8.896795,2.434983,0.494123,4.783683,0.00001419,37.776606
ckpt_e18_s624000.safetensors,18,624000,8.897559,2.401470,0.480062,4.786762,0.00001413,37.776606
ckpt_e18_s625000.safetensors,18,625000,8.879658,2.372416,0.447821,4.787848,0.00001406,37.776606
ckpt_e18_s626000.safetensors,18,626000,8.878607,2.366250,0.427274,4.803938,0.00001400,37.776606
ckpt_e18_s627000.safetensors,18,627000,8.865745,2.381748,0.452197,4.787219,0.00001394,37.776606
ckpt_e18_s628000.safetensors,18,628000,8.849995,2.376147,0.451235,4.790926,0.00001387,37.776606
ckpt_e18_s629000.safetensors,18,629000,8.846349,2.394127,0.466976,4.799009,0.00001381,37.776606
ckpt_e18_s630000.safetensors,18,630000,8.824455,2.460645,0.540441,4.770706,0.00001375,37.776606
ckpt_e18_s631000.safetensors,18,631000,8.818884,2.381876,0.442350,4.791566,0.00001368,37.776606
ckpt_e18_s632000.safetensors,18,632000,8.806885,2.456083,0.560821,4.758599,0.00001362,37.776606
ckpt_e18_s633000.safetensors,18,633000,8.797357,2.417609,0.508151,4.774882,0.00001356,37.776606
ckpt_e18_s634000.safetensors,18,634000,8.797811,2.396323,0.474057,4.779940,0.00001349,37.776606
ckpt_e18_s635000.safetensors,18,635000,8.791027,2.388806,0.460620,4.791409,0.00001343,37.776606
ckpt_e18_s636000.safetensors,18,636000,8.784131,2.379645,0.465378,4.790023,0.00001337,37.776606
ckpt_e18_s637000.safetensors,18,637000,8.773809,2.352904,0.419089,4.806275,0.00001331,37.776606
ckpt_e18_s638000.safetensors,18,638000,8.761330,2.363341,0.427179,4.803571,0.00001325,37.776606
ckpt_e18_s639000.safetensors,18,639000,8.749679,2.417605,0.481364,4.785171,0.00001319,37.776606
ckpt_e18_s640000.safetensors,18,640000,8.752944,2.570042,0.601202,4.808251,0.00001312,37.776606
ckpt_e18_s641000.safetensors,18,641000,8.759635,2.369901,0.424563,4.807169,0.00001306,37.776606
ckpt_e18_s642000.safetensors,18,642000,8.751858,2.340817,0.393358,4.811010,0.00001300,37.776606
ckpt_e18_s643000.safetensors,18,643000,8.742629,2.377294,0.462610,4.785350,0.00001294,37.776606
ckpt_e18_s644000.safetensors,18,644000,8.736993,2.334527,0.405815,4.796816,0.00001288,37.776606
ckpt_e18_s645000.safetensors,18,645000,8.731574,2.389992,0.467534,4.796086,0.00001282,37.776606
ckpt_e19_s646000.safetensors,19,646000,9.348664,2.367108,0.449886,4.777368,0.00001276,37.776606
ckpt_e19_s647000.safetensors,19,647000,9.484395,2.348499,0.419634,4.780607,0.00001270,37.776606
ckpt_e19_s648000.safetensors,19,648000,9.486436,2.356788,0.437623,4.774403,0.00001264,37.776606
ckpt_e19_s649000.safetensors,19,649000,9.488237,2.392159,0.475438,4.785881,0.00001258,37.776606
ckpt_e19_s650000.safetensors,19,650000,9.437289,2.343844,0.429024,4.775919,0.00001252,37.776606
ckpt_e19_s651000.safetensors,19,651000,9.442961,2.367572,0.449492,4.780933,0.00001246,37.776606
ckpt_e19_s652000.safetensors,19,652000,9.426091,2.358250,0.430699,4.778490,0.00001240,37.776606
ckpt_e19_s653000.safetensors,19,653000,9.426001,2.400619,0.499328,4.764085,0.00001234,37.776606
ckpt_e19_s654000.safetensors,19,654000,9.387816,2.382349,0.484635,4.769439,0.00001228,37.776606
ckpt_e19_s655000.safetensors,19,655000,9.382173,2.385491,0.475053,4.768904,0.00001223,37.776606
ckpt_e19_s656000.safetensors,19,656000,9.368259,2.345586,0.424747,4.775274,0.00001217,37.776606
ckpt_e19_s657000.safetensors,19,657000,9.357638,2.319976,0.403199,4.788517,0.00001211,37.776606
ckpt_e19_s658000.safetensors,19,658000,9.351246,2.348182,0.426365,4.778888,0.00001205,37.776606
ckpt_e19_s659000.safetensors,19,659000,9.333011,2.302930,0.366565,4.798620,0.00001199,37.776606
ckpt_e19_s660000.safetensors,19,660000,9.329745,2.372015,0.447957,4.777091,0.00001194,37.776606
ckpt_e19_s661000.safetensors,19,661000,9.314652,2.355087,0.424250,4.781605,0.00001188,37.776606
ckpt_e19_s662000.safetensors,19,662000,9.281050,2.414023,0.498954,4.775032,0.00001182,37.776606
ckpt_e19_s663000.safetensors,19,663000,9.290542,2.361973,0.447048,4.776912,0.00001176,37.776606
ckpt_e19_s664000.safetensors,19,664000,9.279005,2.379847,0.478841,4.772305,0.00001171,37.776606
ckpt_e19_s665000.safetensors,19,665000,9.272890,2.356630,0.432084,4.786833,0.00001165,37.776606
ckpt_e19_s666000.safetensors,19,666000,9.258196,2.336963,0.422826,4.782972,0.00001159,37.776606
ckpt_e19_s667000.safetensors,19,667000,9.243755,2.392048,0.471652,4.780694,0.00001154,37.776606
ckpt_e19_s668000.safetensors,19,668000,9.238492,2.359662,0.436278,4.787858,0.00001148,37.776606
ckpt_e19_s669000.safetensors,19,669000,9.238500,2.436582,0.550932,4.756641,0.00001143,37.776606
ckpt_e19_s670000.safetensors,19,670000,9.236730,2.346363,0.421458,4.783618,0.00001137,37.776606
ckpt_e19_s671000.safetensors,19,671000,9.216328,2.351376,0.420700,4.803859,0.00001132,37.776606
ckpt_e19_s672000.safetensors,19,672000,9.195850,2.324270,0.379421,4.808654,0.00001126,37.776606
ckpt_e19_s673000.safetensors,19,673000,9.205816,2.346922,0.419545,4.799596,0.00001120,37.776606
ckpt_e19_s674000.safetensors,19,674000,9.212289,2.410372,0.510917,4.763299,0.00001115,37.776606
ckpt_e19_s675000.safetensors,19,675000,9.196937,2.361694,0.441905,4.791592,0.00001110,37.776606
ckpt_e19_s676000.safetensors,19,676000,9.184699,2.311081,0.373518,4.803758,0.00001104,37.776606
ckpt_e19_s677000.safetensors,19,677000,9.183016,2.425016,0.500785,4.791259,0.00001099,37.776606
ckpt_e19_s678000.safetensors,19,678000,9.179258,2.337850,0.414889,4.796121,0.00001093,37.776606
ckpt_e19_s679000.safetensors,19,679000,9.174536,2.318215,0.374043,4.799390,0.00001088,37.776606
ckpt_e19_s680000.safetensors,19,680000,9.167762,2.317718,0.384492,4.804271,0.00001083,37.776606
ckpt_e19_s681000.safetensors,19,681000,9.161942,2.306158,0.371703,4.810169,0.00001077,37.776606
ckpt_e19_s682000.safetensors,19,682000,9.155082,2.371448,0.457466,4.791899,0.00001072,37.776606
ckpt_e20_s683000.safetensors,20,683000,8.112841,2.347642,0.397214,4.803350,0.00001067,37.776606
ckpt_e20_s684000.safetensors,20,684000,8.161742,2.361469,0.446361,4.777987,0.00001061,37.776606
ckpt_e20_s685000.safetensors,20,685000,7.928794,2.337533,0.422509,4.795615,0.00001056,37.776606
ckpt_e20_s686000.safetensors,20,686000,7.940586,2.332796,0.414743,4.777778,0.00001051,37.776606
ckpt_e20_s687000.safetensors,20,687000,7.979621,2.287425,0.351563,4.808695,0.00001046,37.776606
ckpt_e20_s688000.safetensors,20,688000,7.935676,2.348490,0.448554,4.782012,0.00001040,37.776606
ckpt_e20_s689000.safetensors,20,689000,7.931563,2.369694,0.461612,4.763948,0.00001035,37.776606
ckpt_e20_s690000.safetensors,20,690000,7.901100,2.454529,0.599960,4.745922,0.00001030,37.776606
ckpt_e20_s691000.safetensors,20,691000,7.913623,2.526267,0.568347,4.763745,0.00001025,37.776606
ckpt_e20_s692000.safetensors,20,692000,7.900792,2.316880,0.382153,4.798432,0.00001020,37.776606
ckpt_e20_s693000.safetensors,20,693000,7.913420,2.306450,0.381379,4.799601,0.00001015,37.776606
ckpt_e20_s694000.safetensors,20,694000,7.889302,2.351130,0.443249,4.781981,0.00001010,37.776606
ckpt_e20_s695000.safetensors,20,695000,7.881173,2.294009,0.360411,4.806793,0.00001005,37.776606
ckpt_e20_s696000.safetensors,20,696000,7.875582,2.313080,0.398530,4.792298,0.00001000,37.776606
ckpt_e20_s697000.safetensors,20,697000,7.856730,2.341198,0.410253,4.799963,0.00000995,37.776606
ckpt_e20_s698000.safetensors,20,698000,7.859692,2.336944,0.423857,4.790003,0.00000990,37.776606
ckpt_e20_s699000.safetensors,20,699000,7.868323,2.327493,0.398771,4.796940,0.00000985,37.776606
ckpt_e20_s700000.safetensors,20,700000,7.858477,2.311280,0.376325,4.794108,0.00000980,37.776606
ckpt_e20_s701000.safetensors,20,701000,7.856161,2.332430,0.408093,4.793120,0.00000975,37.776606
ckpt_e20_s702000.safetensors,20,702000,7.838315,2.323728,0.418038,4.784028,0.00000970,37.776606
ckpt_e20_s703000.safetensors,20,703000,7.826120,2.347022,0.425640,4.787868,0.00000965,37.776606
ckpt_e20_s704000.safetensors,20,704000,7.827541,2.300081,0.352736,4.821996,0.00000960,37.776606
ckpt_e20_s705000.safetensors,20,705000,7.820750,2.285288,0.355530,4.803127,0.00000956,37.776606
ckpt_e20_s706000.safetensors,20,706000,7.813535,2.310018,0.386852,4.797692,0.00000951,37.776606
ckpt_e20_s707000.safetensors,20,707000,7.810526,2.458909,0.504436,4.774341,0.00000946,37.776606
ckpt_e20_s708000.safetensors,20,708000,7.809250,2.302246,0.367465,4.802544,0.00000941,37.776606
ckpt_e20_s709000.safetensors,20,709000,7.806562,2.282767,0.347294,4.804769,0.00000937,37.776606
ckpt_e20_s710000.safetensors,20,710000,7.799535,2.347434,0.431446,4.791148,0.00000932,37.776606
ckpt_e20_s711000.safetensors,20,711000,7.798574,2.336549,0.416458,4.791518,0.00000927,37.776606
ckpt_e20_s712000.safetensors,20,712000,7.791751,2.313639,0.379549,4.794324,0.00000923,37.776606
ckpt_e20_s713000.safetensors,20,713000,7.786229,2.350331,0.440217,4.790014,0.00000918,37.776606
ckpt_e20_s714000.safetensors,20,714000,7.783071,2.365854,0.470443,4.779041,0.00000913,37.776606
ckpt_e20_s715000.safetensors,20,715000,7.782218,2.318694,0.384133,4.807902,0.00000909,37.776606
ckpt_e20_s716000.safetensors,20,716000,7.774441,2.294199,0.354724,4.814073,0.00000904,37.776606
ckpt_e20_s717000.safetensors,20,717000,7.775918,2.285027,0.359182,4.803606,0.00000900,37.776606
ckpt_e20_s718000.safetensors,20,718000,7.767354,2.296885,0.357611,4.807712,0.00000895,37.776606
ckpt_e20_s719000.safetensors,20,719000,7.759599,2.304941,0.368553,4.804755,0.00000891,37.776606
ckpt_e21_s720000.safetensors,21,720000,6.738014,2.342992,0.403287,4.804356,0.00000886,37.776606
ckpt_e21_s721000.safetensors,21,721000,6.630377,2.393581,0.445026,4.789203,0.00000882,37.776606
ckpt_e21_s722000.safetensors,21,722000,6.618490,2.379281,0.416013,4.798246,0.00000877,37.776606
ckpt_e21_s723000.safetensors,21,723000,6.604949,2.337204,0.374900,4.802471,0.00000873,37.776606
ckpt_e21_s724000.safetensors,21,724000,6.595365,2.512665,0.585867,4.748960,0.00000868,37.776606
ckpt_e21_s725000.safetensors,21,725000,6.579615,2.414363,0.465551,4.782298,0.00000864,37.776606
ckpt_e21_s726000.safetensors,21,726000,6.575874,2.402387,0.453979,4.775098,0.00000860,37.776606
ckpt_e21_s727000.safetensors,21,727000,6.555702,2.532583,0.613730,4.744688,0.00000855,37.776606
ckpt_e21_s728000.safetensors,21,728000,6.547601,2.394997,0.449471,4.790753,0.00000851,37.776606
ckpt_e21_s729000.safetensors,21,729000,6.557626,2.396794,0.445954,4.787901,0.00000847,37.776606
ckpt_e21_s730000.safetensors,21,730000,6.552850,2.401753,0.417124,4.814255,0.00000843,37.776606
ckpt_e21_s731000.safetensors,21,731000,6.540385,2.377118,0.401426,4.811230,0.00000838,37.776606
ckpt_e21_s732000.safetensors,21,732000,6.537141,2.388152,0.425761,4.808141,0.00000834,37.776606
ckpt_e21_s733000.safetensors,21,733000,6.543259,2.370981,0.404565,4.801792,0.00000830,37.776606
ckpt_e21_s734000.safetensors,21,734000,6.539287,2.347582,0.388762,4.803257,0.00000826,37.776606
ckpt_e21_s735000.safetensors,21,735000,6.549121,2.440715,0.480657,4.786459,0.00000822,37.776606
ckpt_e21_s736000.safetensors,21,736000,6.534568,2.383036,0.437453,4.791095,0.00000818,37.776606
ckpt_e21_s737000.safetensors,21,737000,6.525228,2.361244,0.390963,4.798210,0.00000814,37.776606
ckpt_e21_s738000.safetensors,21,738000,6.520283,2.418613,0.476871,4.780181,0.00000810,37.776606
ckpt_e21_s739000.safetensors,21,739000,6.512136,2.360117,0.408600,4.790559,0.00000806,37.776606
ckpt_e21_s740000.safetensors,21,740000,6.515557,2.383806,0.402498,4.801676,0.00000802,37.776606
ckpt_e21_s741000.safetensors,21,741000,6.541170,2.502705,0.505904,4.814577,0.00000798,37.776606
ckpt_e21_s742000.safetensors,21,742000,6.548751,2.427296,0.448689,4.793981,0.00000794,37.776606
ckpt_e21_s743000.safetensors,21,743000,6.544488,2.389037,0.440052,4.787210,0.00000790,37.776606
ckpt_e21_s744000.safetensors,21,744000,6.548217,2.362073,0.395135,4.794143,0.00000786,37.776606
ckpt_e21_s745000.safetensors,21,745000,6.541461,2.384197,0.428665,4.784787,0.00000782,37.776606
ckpt_e21_s746000.safetensors,21,746000,6.535708,2.413926,0.455283,4.783419,0.00000778,37.776606
ckpt_e21_s747000.safetensors,21,747000,6.524356,2.365142,0.379246,4.798597,0.00000774,37.776606
ckpt_e21_s748000.safetensors,21,748000,6.526435,2.423476,0.454583,4.780325,0.00000771,37.776606
ckpt_e21_s749000.safetensors,21,749000,6.514233,2.385159,0.446130,4.786447,0.00000767,37.776606
ckpt_e21_s750000.safetensors,21,750000,6.508760,2.344812,0.373072,4.807419,0.00000763,37.776606
ckpt_e21_s751000.safetensors,21,751000,6.501678,2.394526,0.414834,4.788298,0.00000759,37.776606
ckpt_e21_s752000.safetensors,21,752000,6.491563,2.396050,0.429567,4.793188,0.00000756,37.776606
ckpt_e21_s753000.safetensors,21,753000,6.488252,2.414320,0.470555,4.781305,0.00000752,37.776606
ckpt_e21_s754000.safetensors,21,754000,6.484774,2.366958,0.425284,4.783119,0.00000748,37.776606
ckpt_e21_s755000.safetensors,21,755000,6.479986,2.363886,0.389117,4.804574,0.00000745,37.776606
ckpt_e21_s756000.safetensors,21,756000,6.475803,2.405689,0.438623,4.791201,0.00000741,37.776606
ckpt_e22_s757000.safetensors,22,757000,9.040731,2.360841,0.406165,4.775561,0.00000738,37.776606
ckpt_e22_s758000.safetensors,22,758000,8.807335,2.320994,0.403002,4.770308,0.00000734,37.776606
ckpt_e22_s759000.safetensors,22,759000,8.772163,2.372781,0.422172,4.771312,0.00000730,37.776606
ckpt_e22_s760000.safetensors,22,760000,8.711092,2.424366,0.522151,4.733606,0.00000727,37.776606
ckpt_e22_s761000.safetensors,22,761000,8.653417,2.314157,0.392313,4.774445,0.00000723,37.776606
ckpt_e22_s762000.safetensors,22,762000,8.651548,2.294674,0.357809,4.775662,0.00000720,37.776606
ckpt_e22_s763000.safetensors,22,763000,8.628841,2.297961,0.380754,4.768946,0.00000717,37.776606
ckpt_e22_s764000.safetensors,22,764000,8.598665,2.285673,0.361187,4.775631,0.00000713,37.776606
ckpt_e22_s765000.safetensors,22,765000,8.601394,2.336892,0.411432,4.767066,0.00000710,37.776606
ckpt_e22_s766000.safetensors,22,766000,8.616528,2.316428,0.385127,4.774566,0.00000706,37.776606
ckpt_e22_s767000.safetensors,22,767000,8.620113,2.311097,0.366248,4.781183,0.00000703,37.776606
ckpt_e22_s768000.safetensors,22,768000,8.594165,2.298172,0.340193,4.772355,0.00000700,37.776606
ckpt_e22_s769000.safetensors,22,769000,8.584739,2.294922,0.375227,4.773977,0.00000697,37.776606
ckpt_e22_s770000.safetensors,22,770000,8.584143,2.345984,0.443049,4.751195,0.00000693,37.776606
ckpt_e22_s771000.safetensors,22,771000,8.581071,2.310518,0.382241,4.780837,0.00000690,37.776606
ckpt_e22_s772000.safetensors,22,772000,8.578177,2.280334,0.341652,4.787250,0.00000687,37.776606
ckpt_e22_s773000.safetensors,22,773000,8.578020,2.296011,0.376229,4.782923,0.00000684,37.776606
ckpt_e22_s774000.safetensors,22,774000,8.559672,2.334912,0.431995,4.763965,0.00000681,37.776606
ckpt_e22_s775000.safetensors,22,775000,8.565017,2.368167,0.413088,4.773247,0.00000678,37.776606
ckpt_e22_s776000.safetensors,22,776000,8.567969,2.319858,0.395998,4.765609,0.00000674,37.776606
ckpt_e22_s777000.safetensors,22,777000,8.548197,2.292906,0.349847,4.782542,0.00000671,37.776606
ckpt_e22_s778000.safetensors,22,778000,8.533049,2.303404,0.380787,4.781059,0.00000668,37.776606
ckpt_e22_s779000.safetensors,22,779000,8.540604,2.304011,0.377013,4.777198,0.00000665,37.776606
ckpt_e22_s780000.safetensors,22,780000,8.535439,2.310327,0.384851,4.767451,0.00000662,37.776606
ckpt_e22_s781000.safetensors,22,781000,8.533529,2.311889,0.370960,4.772337,0.00000659,37.776606
ckpt_e22_s782000.safetensors,22,782000,8.523466,2.350032,0.454367,4.756459,0.00000656,37.776606
ckpt_e22_s783000.safetensors,22,783000,8.521283,2.301281,0.351883,4.788776,0.00000654,37.776606
ckpt_e22_s784000.safetensors,22,784000,8.526052,2.281736,0.349685,4.791849,0.00000651,37.776606
ckpt_e22_s785000.safetensors,22,785000,8.520746,2.353314,0.428316,4.762000,0.00000648,37.776606
ckpt_e22_s786000.safetensors,22,786000,8.514847,2.312759,0.389657,4.778780,0.00000645,37.776606
ckpt_e22_s787000.safetensors,22,787000,8.508187,2.267551,0.338418,4.785017,0.00000642,37.776606
ckpt_e22_s788000.safetensors,22,788000,8.506171,2.311919,0.371926,4.785309,0.00000639,37.776606
ckpt_e22_s789000.safetensors,22,789000,8.511384,2.351516,0.459701,4.759016,0.00000637,37.776606
ckpt_e22_s790000.safetensors,22,790000,8.501332,2.269423,0.339257,4.788144,0.00000634,37.776606
ckpt_e22_s791000.safetensors,22,791000,8.501617,2.320511,0.372947,4.781512,0.00000631,37.776606
ckpt_e22_s792000.safetensors,22,792000,8.505630,2.274940,0.343488,4.785115,0.00000629,37.776606
ckpt_e22_s793000.safetensors,22,793000,8.492738,2.326294,0.397087,4.786210,0.00000626,37.776606
ckpt_e23_s794000.safetensors,23,794000,10.688699,2.296314,0.385475,4.781779,0.00000623,37.776606
ckpt_e23_s795000.safetensors,23,795000,10.327412,2.306975,0.396078,4.773577,0.00000621,37.776606
ckpt_e23_s796000.safetensors,23,796000,10.214192,2.289155,0.376569,4.778041,0.00000618,37.776606
ckpt_e23_s797000.safetensors,23,797000,10.168031,2.277616,0.368595,4.780766,0.00000616,37.776606
ckpt_e23_s798000.safetensors,23,798000,10.202656,2.302275,0.401806,4.770638,0.00000613,37.776606
ckpt_e23_s799000.safetensors,23,799000,10.182998,2.280401,0.366580,4.777596,0.00000611,37.776606
ckpt_e23_s800000.safetensors,23,800000,10.146543,2.277117,0.369485,4.771816,0.00000608,37.776606
ckpt_e23_s801000.safetensors,23,801000,10.116826,2.249282,0.334224,4.777523,0.00000606,37.776606
ckpt_e23_s802000.safetensors,23,802000,10.099794,2.272469,0.357817,4.768551,0.00000603,37.776606
ckpt_e23_s803000.safetensors,23,803000,10.105003,2.255474,0.338627,4.776041,0.00000601,37.776606
ckpt_e23_s804000.safetensors,23,804000,10.069665,2.298619,0.410343,4.757565,0.00000599,37.776606
ckpt_e23_s805000.safetensors,23,805000,10.077152,2.276625,0.376110,4.766333,0.00000596,37.776606
ckpt_e23_s806000.safetensors,23,806000,10.073400,2.255339,0.346412,4.783871,0.00000594,37.776606
ckpt_e23_s807000.safetensors,23,807000,10.043125,2.257069,0.343700,4.775559,0.00000592,37.776606
ckpt_e23_s808000.safetensors,23,808000,10.049185,2.260928,0.355868,4.771570,0.00000590,37.776606
ckpt_e23_s809000.safetensors,23,809000,10.030903,2.282024,0.372608,4.771846,0.00000587,37.776606
ckpt_e23_s810000.safetensors,23,810000,10.027118,2.248122,0.338006,4.781230,0.00000585,37.776606
ckpt_e23_s811000.safetensors,23,811000,10.015736,2.266357,0.367711,4.768846,0.00000583,37.776606
ckpt_e23_s812000.safetensors,23,812000,10.017331,2.258871,0.350553,4.766776,0.00000581,37.776606
ckpt_e23_s813000.safetensors,23,813000,10.013174,2.248508,0.327972,4.778880,0.00000579,37.776606
ckpt_e23_s814000.safetensors,23,814000,10.000069,2.342306,0.475177,4.740796,0.00000577,37.776606
ckpt_e23_s815000.safetensors,23,815000,9.997579,2.285612,0.362920,4.766732,0.00000575,37.776606
ckpt_e23_s816000.safetensors,23,816000,9.989514,2.235638,0.311653,4.786800,0.00000573,37.776606
ckpt_e23_s817000.safetensors,23,817000,9.970256,2.302209,0.424653,4.760723,0.00000571,37.776606
ckpt_e23_s818000.safetensors,23,818000,9.969112,2.231803,0.314863,4.785944,0.00000569,37.776606
ckpt_e23_s819000.safetensors,23,819000,9.961179,2.278791,0.371824,4.772883,0.00000567,37.776606
ckpt_e23_s820000.safetensors,23,820000,9.981393,2.305191,0.355417,4.799483,0.00000565,37.776606
ckpt_e23_s821000.safetensors,23,821000,9.968658,2.270560,0.341272,4.786996,0.00000563,37.776606
ckpt_e23_s822000.safetensors,23,822000,9.961137,2.221650,0.294395,4.788146,0.00000561,37.776606
ckpt_e23_s823000.safetensors,23,823000,9.967567,2.252981,0.334502,4.781075,0.00000559,37.776606
ckpt_e23_s824000.safetensors,23,824000,9.965670,2.225385,0.307320,4.784834,0.00000557,37.776606
ckpt_e23_s825000.safetensors,23,825000,9.956350,2.242233,0.327799,4.783729,0.00000556,37.776606
ckpt_e23_s826000.safetensors,23,826000,9.945235,2.250690,0.329462,4.780140,0.00000554,37.776606
ckpt_e23_s827000.safetensors,23,827000,9.945288,2.230262,0.315415,4.784121,0.00000552,37.776606
ckpt_e23_s828000.safetensors,23,828000,9.937884,2.244323,0.325872,4.781252,0.00000551,37.776606
ckpt_e23_s829000.safetensors,23,829000,9.931982,2.244142,0.322147,4.778877,0.00000549,37.776606
ckpt_e23_s830000.safetensors,23,830000,9.926845,2.277480,0.354715,4.773048,0.00000547,37.776606
ckpt_e24_s831000.safetensors,24,831000,7.994802,2.277252,0.387932,4.754436,0.00000546,37.776606
ckpt_e24_s832000.safetensors,24,832000,7.869207,2.295145,0.398249,4.751253,0.00000544,37.776606
ckpt_e24_s833000.safetensors,24,833000,7.892423,2.271659,0.364125,4.754086,0.00000542,37.776606
ckpt_e24_s834000.safetensors,24,834000,7.992679,2.239517,0.341162,4.752034,0.00000541,37.776606
ckpt_e24_s835000.safetensors,24,835000,7.845774,2.225464,0.304751,4.772222,0.00000539,37.776606
ckpt_e24_s836000.safetensors,24,836000,7.879375,2.231068,0.339221,4.756643,0.00000538,37.776606
ckpt_e24_s837000.safetensors,24,837000,7.833374,2.247368,0.333137,4.759694,0.00000537,37.776606
ckpt_e24_s838000.safetensors,24,838000,7.839996,2.235838,0.331531,4.762411,0.00000535,37.776606
ckpt_e24_s839000.safetensors,24,839000,7.823001,2.265247,0.358616,4.748304,0.00000534,37.776606
ckpt_e24_s840000.safetensors,24,840000,7.824267,2.233735,0.333750,4.755396,0.00000532,37.776606
ckpt_e24_s841000.safetensors,24,841000,7.819661,2.260689,0.373249,4.745824,0.00000531,37.776606
ckpt_e24_s842000.safetensors,24,842000,7.843364,2.218480,0.302562,4.764373,0.00000530,37.776606
ckpt_e24_s843000.safetensors,24,843000,7.824371,2.295223,0.415037,4.734389,0.00000528,37.776606
ckpt_e24_s844000.safetensors,24,844000,7.797482,2.252630,0.347286,4.755683,0.00000527,37.776606
ckpt_e24_s845000.safetensors,24,845000,7.767116,2.240271,0.343466,4.751329,0.00000526,37.776606
ckpt_e24_s846000.safetensors,24,846000,7.778112,2.231047,0.324334,4.755867,0.00000525,37.776606
ckpt_e24_s847000.safetensors,24,847000,7.772597,2.246034,0.336820,4.751619,0.00000524,37.776606
ckpt_e24_s848000.safetensors,24,848000,7.782056,2.225352,0.302944,4.766740,0.00000523,37.776606
ckpt_e24_s849000.safetensors,24,849000,7.776740,2.218375,0.315032,4.760594,0.00000521,37.776606
ckpt_e24_s850000.safetensors,24,850000,7.782299,2.246643,0.346886,4.750752,0.00000520,37.776606
ckpt_e24_s851000.safetensors,24,851000,7.769872,2.243392,0.333837,4.757986,0.00000519,37.776606
ckpt_e24_s852000.safetensors,24,852000,7.772178,2.230261,0.317080,4.763835,0.00000518,37.776606
ckpt_e24_s853000.safetensors,24,853000,7.760030,2.238911,0.311636,4.770378,0.00000517,37.776606
ckpt_e24_s854000.safetensors,24,854000,7.743456,2.231296,0.305564,4.766273,0.00000516,37.776606
ckpt_e24_s855000.safetensors,24,855000,7.742705,2.231345,0.318531,4.762609,0.00000515,37.776606
ckpt_e24_s856000.safetensors,24,856000,7.756143,2.222703,0.306624,4.765313,0.00000514,37.776606
ckpt_e24_s857000.safetensors,24,857000,7.752045,2.252286,0.358348,4.757593,0.00000514,37.776606
ckpt_e24_s858000.safetensors,24,858000,7.737542,2.225534,0.318772,4.762005,0.00000513,37.776606
ckpt_e24_s859000.safetensors,24,859000,7.747203,2.224420,0.312399,4.764725,0.00000512,37.776606
ckpt_e24_s860000.safetensors,24,860000,7.733838,2.236094,0.308353,4.768266,0.00000511,37.776606
ckpt_e24_s861000.safetensors,24,861000,7.732595,2.232510,0.340788,4.755352,0.00000510,37.776606
ckpt_e24_s862000.safetensors,24,862000,7.729076,2.225369,0.308203,4.770357,0.00000510,37.776606
ckpt_e24_s863000.safetensors,24,863000,7.719142,2.234878,0.326806,4.762066,0.00000509,37.776606
ckpt_e24_s864000.safetensors,24,864000,7.723115,2.235497,0.325971,4.762902,0.00000508,37.776606
ckpt_e24_s865000.safetensors,24,865000,7.719505,2.224879,0.312036,4.765563,0.00000507,37.776606
ckpt_e24_s866000.safetensors,24,866000,7.720918,2.232520,0.323714,4.760655,0.00000507,37.776606
ckpt_e24_s867000.safetensors,24,867000,7.712009,2.269368,0.348827,4.757667,0.00000506,37.776606
ckpt_e25_s868000.safetensors,25,868000,11.805373,2.195645,0.276695,4.776396,0.00000506,37.776606
ckpt_e25_s869000.safetensors,25,869000,11.838943,2.210721,0.291399,4.772210,0.00000505,37.776606
ckpt_e25_s870000.safetensors,25,870000,11.798134,2.199933,0.291726,4.767257,0.00000505,37.776606
ckpt_e25_s871000.safetensors,25,871000,11.787870,2.219331,0.307757,4.762390,0.00000504,37.776606
ckpt_e25_s872000.safetensors,25,872000,11.752533,2.204173,0.293747,4.765697,0.00000504,37.776606
ckpt_e25_s873000.safetensors,25,873000,11.730590,2.196055,0.283352,4.769468,0.00000503,37.776606
ckpt_e25_s874000.safetensors,25,874000,11.722840,2.208883,0.294989,4.765089,0.00000503,37.776606
ckpt_e25_s875000.safetensors,25,875000,11.706399,2.205509,0.295571,4.764508,0.00000502,37.776606
ckpt_e25_s876000.safetensors,25,876000,11.684880,2.201710,0.280764,4.769670,0.00000502,37.776606
ckpt_e25_s877000.safetensors,25,877000,11.666662,2.197357,0.277791,4.769994,0.00000502,37.776606
ckpt_e25_s878000.safetensors,25,878000,11.657418,2.212722,0.300204,4.763216,0.00000501,37.776606
ckpt_e25_s879000.safetensors,25,879000,11.646196,2.190789,0.277785,4.769654,0.00000501,37.776606
ckpt_e25_s880000.safetensors,25,880000,11.627147,2.203931,0.291052,4.764921,0.00000501,37.776606
ckpt_e25_s881000.safetensors,25,881000,11.619846,2.203184,0.300085,4.764944,0.00000501,37.776606
ckpt_e25_s882000.safetensors,25,882000,11.608980,2.197618,0.286417,4.766629,0.00000501,37.776606
ckpt_e25_s883000.safetensors,25,883000,11.602295,2.199485,0.293378,4.767244,0.00000500,37.776606
ckpt_e25_s884000.safetensors,25,884000,11.590147,2.234621,0.344001,4.761871,0.00000500,37.776606
ckpt_e25_s885000.safetensors,25,885000,11.577220,2.220617,0.317709,4.761798,0.00000500,37.776606
ckpt_e25_s886000.safetensors,25,886000,11.570522,2.191684,0.273652,4.773671,0.00000500,37.776606
ckpt_e25_s887000.safetensors,25,887000,11.560418,2.206028,0.291007,4.771965,0.00000500,37.776606
ckpt_e25_s888000.safetensors,25,888000,11.553737,2.189679,0.270058,4.776022,0.00000500,37.776606
ckpt_e25_s889000.safetensors,25,889000,11.543464,2.196009,0.285374,4.770705,0.00000500,37.776606
ckpt_e25_s890000.safetensors,25,890000,11.532833,2.201499,0.293066,4.768710,0.00000500,37.776606
ckpt_e25_s891000.safetensors,25,891000,11.529875,2.201823,0.284046,4.774682,0.00000500,37.776606
ckpt_e25_s892000.safetensors,25,892000,11.519861,2.185057,0.271506,4.773588,0.00000500,37.776606
ckpt_e25_s893000.safetensors,25,893000,11.512042,2.218032,0.303912,4.764798,0.00000500,37.776606
ckpt_e25_s894000.safetensors,25,894000,11.514302,2.199794,0.278485,4.776582,0.00000501,37.776606
ckpt_e25_s895000.safetensors,25,895000,11.507033,2.188604,0.270405,4.775350,0.00000501,37.776606
ckpt_e25_s896000.safetensors,25,896000,11.504721,2.273088,0.325208,4.804274,0.00000501,37.776606
ckpt_e25_s897000.safetensors,25,897000,11.515227,2.228100,0.289666,4.797795,0.00000501,37.776606
ckpt_e25_s898000.safetensors,25,898000,11.511862,2.222610,0.302390,4.774032,0.00000501,37.776606
ckpt_e25_s899000.safetensors,25,899000,11.511660,2.206951,0.281209,4.780790,0.00000502,37.776606
ckpt_e25_s900000.safetensors,25,900000,11.501872,2.196557,0.282681,4.771262,0.00000502,37.776606
ckpt_e25_s901000.safetensors,25,901000,11.496425,2.209181,0.300158,4.771137,0.00000502,37.776606
ckpt_e25_s902000.safetensors,25,902000,11.492680,2.200824,0.291809,4.773094,0.00000503,37.776606
ckpt_e25_s903000.safetensors,25,903000,11.485789,2.209788,0.301422,4.769664,0.00000503,37.776606
ckpt_e25_s904000.safetensors,25,904000,11.480544,2.216578,0.310835,4.768640,0.00000504,37.776606
ckpt_e26_s905000.safetensors,26,905000,7.447615,2.226460,0.323455,4.758835,0.00000504,37.776606
ckpt_e26_s906000.safetensors,26,906000,7.302641,2.215871,0.299457,4.766288,0.00000505,37.776606
ckpt_e26_s907000.safetensors,26,907000,7.288558,2.218674,0.310317,4.765618,0.00000505,37.776606
ckpt_e26_s908000.safetensors,26,908000,7.259935,2.215974,0.297094,4.771573,0.00000506,37.776606
ckpt_e26_s909000.safetensors,26,909000,7.228631,2.228571,0.301447,4.768303,0.00000506,37.776606
ckpt_e26_s910000.safetensors,26,910000,7.208349,2.271679,0.369864,4.753961,0.00000507,37.776606
ckpt_e26_s911000.safetensors,26,911000,7.194659,2.207242,0.282183,4.776598,0.00000507,37.776606
ckpt_e26_s912000.safetensors,26,912000,7.182746,2.203693,0.281815,4.777669,0.00000508,37.776606
ckpt_e26_s913000.safetensors,26,913000,7.169686,2.203278,0.279905,4.778168,0.00000509,37.776606
ckpt_e26_s914000.safetensors,26,914000,7.153152,2.233962,0.309496,4.772292,0.00000510,37.776606
ckpt_e26_s915000.safetensors,26,915000,7.142506,2.233999,0.321712,4.771313,0.00000510,37.776606
ckpt_e26_s916000.safetensors,26,916000,7.135513,2.196607,0.273539,4.782007,0.00000511,37.776606
ckpt_e26_s917000.safetensors,26,917000,7.126285,2.196562,0.271213,4.780968,0.00000512,37.776606
ckpt_e26_s918000.safetensors,26,918000,7.117642,2.263680,0.354230,4.764455,0.00000513,37.776606
ckpt_e26_s919000.safetensors,26,919000,7.108442,2.211374,0.277627,4.777922,0.00000514,37.776606
ckpt_e26_s920000.safetensors,26,920000,7.101800,2.225388,0.298753,4.777556,0.00000514,37.776606
ckpt_e26_s921000.safetensors,26,921000,7.093191,2.192725,0.270198,4.781744,0.00000515,37.776606
ckpt_e26_s922000.safetensors,26,922000,7.084819,2.242443,0.315158,4.771605,0.00000516,37.776606
ckpt_e26_s923000.safetensors,26,923000,7.080077,2.224741,0.308218,4.773764,0.00000517,37.776606
ckpt_e26_s924000.safetensors,26,924000,7.076112,2.238029,0.305408,4.773948,0.00000518,37.776606
ckpt_e26_s925000.safetensors,26,925000,7.068865,2.227461,0.306322,4.771538,0.00000519,37.776606
ckpt_e26_s926000.safetensors,26,926000,7.063272,2.211544,0.290110,4.775684,0.00000520,37.776606
ckpt_e26_s927000.safetensors,26,927000,7.056767,2.204803,0.280267,4.782139,0.00000521,37.776606
ckpt_e26_s928000.safetensors,26,928000,7.051833,2.222562,0.302530,4.778087,0.00000523,37.776606
ckpt_e26_s929000.safetensors,26,929000,7.049411,2.209654,0.290377,4.779116,0.00000524,37.776606
ckpt_e26_s930000.safetensors,26,930000,7.042582,2.204921,0.282964,4.783023,0.00000525,37.776606
ckpt_e26_s931000.safetensors,26,931000,7.040327,2.258185,0.370137,4.763715,0.00000526,37.776606
ckpt_e26_s932000.safetensors,26,932000,7.033141,2.232903,0.308071,4.775032,0.00000527,37.776606
ckpt_e26_s933000.safetensors,26,933000,7.029879,2.237072,0.319221,4.775702,0.00000528,37.776606
ckpt_e26_s934000.safetensors,26,934000,7.026003,2.219182,0.278973,4.786600,0.00000530,37.776606
ckpt_e26_s935000.safetensors,26,935000,7.026659,2.262612,0.344165,4.778021,0.00000531,37.776606
ckpt_e26_s936000.safetensors,26,936000,7.026100,2.210125,0.276335,4.788573,0.00000532,37.776606
ckpt_e26_s937000.safetensors,26,937000,7.021496,2.200021,0.268684,4.788682,0.00000534,37.776606
ckpt_e26_s938000.safetensors,26,938000,7.017678,2.218721,0.283310,4.781428,0.00000535,37.776606
ckpt_e26_s939000.safetensors,26,939000,7.012898,2.219975,0.293963,4.784685,0.00000537,37.776606
ckpt_e26_s940000.safetensors,26,940000,7.010743,2.210044,0.275122,4.783248,0.00000538,37.776606
ckpt_e26_s941000.safetensors,26,941000,7.007066,2.195258,0.259538,4.790732,0.00000539,37.776606
ckpt_e27_s942000.safetensors,27,942000,9.814920,2.197815,0.276386,4.770398,0.00000541,37.776606
ckpt_e27_s943000.safetensors,27,943000,9.728834,2.186627,0.276131,4.765207,0.00000542,37.776606
ckpt_e27_s944000.safetensors,27,944000,9.698645,2.232017,0.354124,4.740920,0.00000544,37.776606
ckpt_e27_s945000.safetensors,27,945000,9.676741,2.198311,0.286622,4.759757,0.00000546,37.776606
ckpt_e27_s946000.safetensors,27,946000,9.661478,2.187799,0.284324,4.763412,0.00000547,37.776606
ckpt_e27_s947000.safetensors,27,947000,9.654497,2.184804,0.277635,4.768522,0.00000549,37.776606
ckpt_e27_s948000.safetensors,27,948000,9.621108,2.211836,0.307162,4.758670,0.00000551,37.776606
ckpt_e27_s949000.safetensors,27,949000,9.608988,2.189341,0.284947,4.763719,0.00000552,37.776606
ckpt_e27_s950000.safetensors,27,950000,9.601880,2.182751,0.274992,4.765359,0.00000554,37.776606
ckpt_e27_s951000.safetensors,27,951000,9.586121,2.216186,0.316860,4.750970,0.00000556,37.776606
ckpt_e27_s952000.safetensors,27,952000,9.580135,2.220006,0.329799,4.750863,0.00000557,37.776606
ckpt_e27_s953000.safetensors,27,953000,9.566090,2.261858,0.387235,4.736980,0.00000559,37.776606
ckpt_e27_s954000.safetensors,27,954000,9.558211,2.177464,0.272235,4.762410,0.00000561,37.776606
ckpt_e27_s955000.safetensors,27,955000,9.555080,2.185992,0.272957,4.761535,0.00000563,37.776606
ckpt_e27_s956000.safetensors,27,956000,9.545360,2.187843,0.274891,4.763847,0.00000565,37.776606
ckpt_e27_s957000.safetensors,27,957000,9.536424,2.256026,0.352005,4.753128,0.00000567,37.776606
ckpt_e27_s958000.safetensors,27,958000,9.531694,2.260778,0.385424,4.739651,0.00000569,37.776606
ckpt_e27_s959000.safetensors,27,959000,9.519297,2.199376,0.295379,4.762023,0.00000571,37.776606
ckpt_e27_s960000.safetensors,27,960000,9.515439,2.198776,0.288913,4.765479,0.00000573,37.776606
ckpt_e27_s961000.safetensors,27,961000,9.507718,2.211159,0.302526,4.759880,0.00000575,37.776606
ckpt_e27_s962000.safetensors,27,962000,9.502866,2.209267,0.301671,4.757540,0.00000577,37.776606
ckpt_e27_s963000.safetensors,27,963000,9.494432,2.186555,0.285434,4.760381,0.00000579,37.776606
ckpt_e27_s964000.safetensors,27,964000,9.491390,2.180247,0.269467,4.767995,0.00000581,37.776606
ckpt_e27_s965000.safetensors,27,965000,9.488868,2.192717,0.281986,4.761848,0.00000583,37.776606
ckpt_e27_s966000.safetensors,27,966000,9.481714,2.194697,0.285525,4.768585,0.00000585,37.776606
ckpt_e27_s967000.safetensors,27,967000,9.475580,2.196042,0.297681,4.762066,0.00000587,37.776606
ckpt_e27_s968000.safetensors,27,968000,9.468242,2.185182,0.270112,4.766241,0.00000590,37.776606
ckpt_e27_s969000.safetensors,27,969000,9.465845,2.207250,0.309307,4.756904,0.00000592,37.776606
ckpt_e27_s970000.safetensors,27,970000,9.458924,2.258800,0.371096,4.739372,0.00000594,37.776606
ckpt_e27_s971000.safetensors,27,971000,9.455610,2.193925,0.274861,4.771604,0.00000596,37.776606
ckpt_e27_s972000.safetensors,27,972000,9.448659,2.181643,0.283528,4.767790,0.00000599,37.776606
ckpt_e27_s973000.safetensors,27,973000,9.444147,2.224380,0.313225,4.754876,0.00000601,37.776606
ckpt_e27_s974000.safetensors,27,974000,9.440066,2.205343,0.272619,4.773635,0.00000603,37.776606
ckpt_e27_s975000.safetensors,27,975000,9.435871,2.173117,0.261299,4.773383,0.00000606,37.776606
ckpt_e27_s976000.safetensors,27,976000,9.430856,2.184823,0.265353,4.772674,0.00000608,37.776606
ckpt_e27_s977000.safetensors,27,977000,9.424729,2.213977,0.321128,4.758866,0.00000611,37.776606
ckpt_e27_s978000.safetensors,27,978000,9.422390,2.210957,0.307428,4.763223,0.00000613,37.776606
ckpt_e28_s979000.safetensors,28,979000,7.821331,2.167902,0.253689,4.764451,0.00000616,37.776606
ckpt_e28_s980000.safetensors,28,980000,7.818512,2.284478,0.354423,4.754591,0.00000618,37.776606
ckpt_e28_s981000.safetensors,28,981000,7.760757,2.181958,0.270028,4.761684,0.00000621,37.776606
ckpt_e28_s982000.safetensors,28,982000,7.754946,2.251151,0.286970,4.827358,0.00000623,37.776606
ckpt_e28_s983000.safetensors,28,983000,7.733295,2.171932,0.253502,4.764643,0.00000626,37.776606
ckpt_e28_s984000.safetensors,28,984000,7.708768,2.187900,0.285830,4.755883,0.00000629,37.776606
ckpt_e28_s985000.safetensors,28,985000,7.674321,2.166783,0.252009,4.759495,0.00000631,37.776606
ckpt_e28_s986000.safetensors,28,986000,7.668247,2.168798,0.267558,4.754822,0.00000634,37.776606
ckpt_e28_s987000.safetensors,28,987000,7.650831,2.178201,0.272758,4.752412,0.00000637,37.776606
ckpt_e28_s988000.safetensors,28,988000,7.628797,2.238158,0.334967,4.739162,0.00000639,37.776606
ckpt_e28_s989000.safetensors,28,989000,7.623018,2.177176,0.276588,4.753989,0.00000642,37.776606
ckpt_e28_s990000.safetensors,28,990000,7.621153,2.190423,0.290851,4.753742,0.00000645,37.776606
ckpt_e28_s991000.safetensors,28,991000,7.614442,2.174103,0.275243,4.757411,0.00000648,37.776606
ckpt_e28_s992000.safetensors,28,992000,7.607745,2.177177,0.270454,4.758981,0.00000651,37.776606
ckpt_e28_s993000.safetensors,28,993000,7.594079,2.246485,0.356150,4.740976,0.00000654,37.776606
ckpt_e28_s994000.safetensors,28,994000,7.584384,2.165533,0.253748,4.762406,0.00000656,37.776606
ckpt_e28_s995000.safetensors,28,995000,7.578697,2.185324,0.270964,4.767006,0.00000659,37.776606
ckpt_e28_s996000.safetensors,28,996000,7.567389,2.210664,0.315747,4.751209,0.00000662,37.776606
ckpt_e28_s997000.safetensors,28,997000,7.576415,2.264341,0.331251,4.757786,0.00000665,37.776606
ckpt_e28_s998000.safetensors,28,998000,7.576267,2.210587,0.296391,4.756873,0.00000668,37.776606
ckpt_e28_s999000.safetensors,28,999000,7.569939,2.190968,0.279323,4.759147,0.00000671,37.776606
ckpt_e28_s1000000.safetensors,28,1000000,7.568070,2.180966,0.258928,4.769005,0.00000674,37.776606
ckpt_e28_s1001000.safetensors,28,1001000,7.562040,2.179538,0.260754,4.763644,0.00000678,37.776606
ckpt_e28_s1002000.safetensors,28,1002000,7.552838,2.181093,0.274951,4.764407,0.00000681,37.776606
ckpt_e28_s1003000.safetensors,28,1003000,7.546859,2.175670,0.268020,4.764716,0.00000684,37.776606
ckpt_e28_s1004000.safetensors,28,1004000,7.541624,2.173030,0.265675,4.764395,0.00000687,37.776606
ckpt_e28_s1005000.safetensors,28,1005000,7.541691,2.204958,0.300234,4.763236,0.00000690,37.776606
ckpt_e28_s1006000.safetensors,28,1006000,7.540353,2.173186,0.260863,4.770334,0.00000693,37.776606
ckpt_e28_s1007000.safetensors,28,1007000,7.534751,2.176368,0.257575,4.764563,0.00000697,37.776606
ckpt_e28_s1008000.safetensors,28,1008000,7.529227,2.177496,0.271543,4.764994,0.00000700,37.776606
ckpt_e28_s1009000.safetensors,28,1009000,7.524493,2.176940,0.270242,4.768281,0.00000703,37.776606
ckpt_e28_s1010000.safetensors,28,1010000,7.520745,2.228563,0.333930,4.754561,0.00000706,37.776606
ckpt_e28_s1011000.safetensors,28,1011000,7.513937,2.161089,0.246276,4.768491,0.00000710,37.776606
ckpt_e28_s1012000.safetensors,28,1012000,7.508738,2.177232,0.275166,4.761853,0.00000713,37.776606
ckpt_e28_s1013000.safetensors,28,1013000,7.504768,2.175738,0.257827,4.771880,0.00000717,37.776606
ckpt_e28_s1014000.safetensors,28,1014000,7.503338,2.182018,0.279325,4.756717,0.00000720,37.776606
ckpt_e28_s1015000.safetensors,28,1015000,7.495767,2.179243,0.267492,4.764797,0.00000723,37.776606
ckpt_e29_s1016000.safetensors,29,1016000,12.251042,2.186329,0.298254,4.729589,0.00000727,37.776606
ckpt_e29_s1017000.safetensors,29,1017000,12.155209,2.184123,0.283259,4.735015,0.00000730,37.776606
ckpt_e29_s1018000.safetensors,29,1018000,12.072952,2.207937,0.324315,4.721332,0.00000734,37.776606
ckpt_e29_s1019000.safetensors,29,1019000,12.046024,2.217843,0.331853,4.716815,0.00000738,37.776606
ckpt_e29_s1020000.safetensors,29,1020000,12.018135,2.171405,0.285505,4.729683,0.00000741,37.776606
ckpt_e29_s1021000.safetensors,29,1021000,11.986554,2.166233,0.279841,4.731318,0.00000745,37.776606
ckpt_e29_s1022000.safetensors,29,1022000,11.971692,2.229565,0.337595,4.722181,0.00000748,37.776606
ckpt_e29_s1023000.safetensors,29,1023000,11.957735,2.178895,0.285252,4.730376,0.00000752,37.776606
ckpt_e29_s1024000.safetensors,29,1024000,11.936376,2.173199,0.274420,4.733448,0.00000756,37.776606
ckpt_e29_s1025000.safetensors,29,1025000,11.912343,2.209441,0.320146,4.725527,0.00000759,37.776606
ckpt_e29_s1026000.safetensors,29,1026000,11.908305,2.179759,0.269089,4.743998,0.00000763,37.776606
ckpt_e29_s1027000.safetensors,29,1027000,11.887687,2.183146,0.304929,4.728856,0.00000767,37.776606
ckpt_e29_s1028000.safetensors,29,1028000,11.891085,2.179563,0.276469,4.738998,0.00000771,37.776606
ckpt_e29_s1029000.safetensors,29,1029000,11.873435,2.182693,0.286002,4.737337,0.00000774,37.776606
ckpt_e29_s1030000.safetensors,29,1030000,11.863262,2.208517,0.312502,4.730944,0.00000778,37.776606
ckpt_e29_s1031000.safetensors,29,1031000,11.852869,2.225260,0.322027,4.724049,0.00000782,37.776606
ckpt_e29_s1032000.safetensors,29,1032000,11.842683,2.180575,0.279473,4.741628,0.00000786,37.776606
ckpt_e29_s1033000.safetensors,29,1033000,11.837409,2.886338,0.891264,4.715199,0.00000790,37.776606
ckpt_e29_s1034000.safetensors,29,1034000,11.873726,2.214982,0.320240,4.736521,0.00000794,37.776606
ckpt_e29_s1035000.safetensors,29,1035000,11.870610,2.220078,0.332715,4.728471,0.00000798,37.776606
ckpt_e29_s1036000.safetensors,29,1036000,11.861854,2.344315,0.314863,4.866308,0.00000802,37.776606
ckpt_e29_s1037000.safetensors,29,1037000,11.865311,2.200978,0.311367,4.736189,0.00000806,37.776606
ckpt_e29_s1038000.safetensors,29,1038000,11.853941,2.225053,0.343896,4.729013,0.00000810,37.776606
ckpt_e29_s1039000.safetensors,29,1039000,11.849277,2.178644,0.275848,4.742484,0.00000814,37.776606
ckpt_e29_s1040000.safetensors,29,1040000,11.837751,2.183840,0.279488,4.745478,0.00000818,37.776606
ckpt_e29_s1041000.safetensors,29,1041000,11.827701,2.260896,0.377588,4.717164,0.00000822,37.776606
ckpt_e29_s1042000.safetensors,29,1042000,11.821185,2.190816,0.288507,4.736234,0.00000826,37.776606
ckpt_e29_s1043000.safetensors,29,1043000,11.815270,2.168262,0.261868,4.745751,0.00000830,37.776606
ckpt_e29_s1044000.safetensors,29,1044000,11.803089,2.190161,0.283587,4.740215,0.00000834,37.776606
ckpt_e29_s1045000.safetensors,29,1045000,11.797327,2.206861,0.310210,4.735168,0.00000838,37.776606
ckpt_e29_s1046000.safetensors,29,1046000,11.787635,2.182567,0.283465,4.735075,0.00000843,37.776606
ckpt_e29_s1047000.safetensors,29,1047000,11.782944,2.203025,0.300472,4.739499,0.00000847,37.776606
ckpt_e29_s1048000.safetensors,29,1048000,11.775228,2.267204,0.417356,4.710882,0.00000851,37.776606
ckpt_e29_s1049000.safetensors,29,1049000,11.768317,2.207202,0.311923,4.729151,0.00000855,37.776606
ckpt_e29_s1050000.safetensors,29,1050000,11.763280,2.219345,0.308447,4.741739,0.00000860,37.776606
ckpt_e29_s1051000.safetensors,29,1051000,11.759623,2.235836,0.338909,4.736036,0.00000864,37.776606
ckpt_e29_s1052000.safetensors,29,1052000,11.758431,2.188742,0.287969,4.743116,0.00000868,37.776606
ckpt_e30_s1053000.safetensors,30,1053000,10.070532,2.225791,0.330228,4.732316,0.00000873,37.776606
ckpt_e30_s1054000.safetensors,30,1054000,10.039007,2.188643,0.284272,4.734977,0.00000877,37.776606
ckpt_e30_s1055000.safetensors,30,1055000,10.010140,2.190416,0.301869,4.733680,0.00000882,37.776606
ckpt_e30_s1056000.safetensors,30,1056000,9.979037,2.190307,0.291132,4.746275,0.00000886,37.776606
ckpt_e30_s1057000.safetensors,30,1057000,9.969402,2.175949,0.267056,4.755672,0.00000891,37.776606
ckpt_e30_s1058000.safetensors,30,1058000,9.931761,2.220088,0.331860,4.739563,0.00000895,37.776606
ckpt_e30_s1059000.safetensors,30,1059000,9.922518,2.189715,0.285827,4.754044,0.00000900,37.776606
ckpt_e30_s1060000.safetensors,30,1060000,9.908365,2.188219,0.292268,4.753546,0.00000904,37.776606
ckpt_e30_s1061000.safetensors,30,1061000,9.896401,2.176428,0.276710,4.752071,0.00000909,37.776606
ckpt_e30_s1062000.safetensors,30,1062000,9.883784,2.241599,0.362667,4.733526,0.00000913,37.776606
ckpt_e30_s1063000.safetensors,30,1063000,9.873690,2.191803,0.274742,4.772517,0.00000918,37.776606
ckpt_e30_s1064000.safetensors,30,1064000,9.868972,2.157212,0.251802,4.762697,0.00000923,37.776606
ckpt_e30_s1065000.safetensors,30,1065000,9.847876,2.190712,0.286561,4.755907,0.00000927,37.776606
ckpt_e30_s1066000.safetensors,30,1066000,9.849156,2.265174,0.386901,4.729223,0.00000932,37.776606
ckpt_e30_s1067000.safetensors,30,1067000,9.836952,2.170264,0.261180,4.764921,0.00000937,37.776606
ckpt_e30_s1068000.safetensors,30,1068000,9.832198,2.199337,0.286982,4.771911,0.00000941,37.776606
ckpt_e30_s1069000.safetensors,30,1069000,9.818289,2.214968,0.325781,4.756822,0.00000946,37.776606
ckpt_e30_s1070000.safetensors,30,1070000,9.830483,2.225998,0.296624,4.775992,0.00000951,37.776606
ckpt_e30_s1071000.safetensors,30,1071000,9.825054,2.197779,0.295192,4.756960,0.00000956,37.776606
ckpt_e30_s1072000.safetensors,30,1072000,9.813316,2.171982,0.266323,4.769376,0.00000960,37.776606
ckpt_e30_s1073000.safetensors,30,1073000,9.808310,2.194760,0.278802,4.764037,0.00000965,37.776606
ckpt_e30_s1074000.safetensors,30,1074000,9.801645,2.255293,0.378739,4.741940,0.00000970,37.776606
ckpt_e30_s1075000.safetensors,30,1075000,9.794240,2.205182,0.294704,4.774622,0.00000975,37.776606
ckpt_e30_s1076000.safetensors,30,1076000,9.799020,2.222841,0.321183,4.757069,0.00000980,37.776606
ckpt_e30_s1077000.safetensors,30,1077000,9.794800,2.217989,0.327993,4.756136,0.00000985,37.776606
ckpt_e30_s1078000.safetensors,30,1078000,9.787562,2.191810,0.287745,4.773932,0.00000990,37.776606
ckpt_e30_s1079000.safetensors,30,1079000,9.779088,2.174887,0.259205,4.786262,0.00000995,37.776606
ckpt_e30_s1080000.safetensors,30,1080000,9.775553,2.215187,0.312464,4.772688,0.00001000,37.776606
ckpt_e30_s1081000.safetensors,30,1081000,9.770513,2.196536,0.289585,4.772701,0.00001005,37.776606
ckpt_e30_s1082000.safetensors,30,1082000,9.769912,2.285873,0.362766,4.787137,0.00001010,37.776606
ckpt_e30_s1083000.safetensors,30,1083000,9.769604,2.202614,0.274420,4.786807,0.00001015,37.776606
ckpt_e30_s1084000.safetensors,30,1084000,9.762347,2.187368,0.271955,4.780008,0.00001020,37.776606
ckpt_e30_s1085000.safetensors,30,1085000,9.757575,2.195873,0.273237,4.786222,0.00001025,37.776606
ckpt_e30_s1086000.safetensors,30,1086000,9.755950,2.188383,0.264668,4.788034,0.00001030,37.776606
ckpt_e30_s1087000.safetensors,30,1087000,9.748375,2.215923,0.300212,4.778783,0.00001035,37.776606
ckpt_e30_s1088000.safetensors,30,1088000,9.745188,2.247009,0.343602,4.765741,0.00001040,37.776606
ckpt_e30_s1089000.safetensors,30,1089000,9.741751,2.338199,0.326286,4.878633,0.00001046,37.776606
ckpt_e31_s1090000.safetensors,31,1090000,8.807048,2.189032,0.284958,4.747450,0.00001051,37.776606
ckpt_e31_s1091000.safetensors,31,1091000,8.734188,2.181056,0.282919,4.741565,0.00001056,37.776606
ckpt_e31_s1092000.safetensors,31,1092000,8.700300,2.191790,0.289477,4.733560,0.00001061,37.776606
ckpt_e31_s1093000.safetensors,31,1093000,8.692227,2.181172,0.301187,4.735868,0.00001067,37.776606
ckpt_e31_s1094000.safetensors,31,1094000,8.652699,2.178530,0.291065,4.728826,0.00001072,37.776606
ckpt_e31_s1095000.safetensors,31,1095000,8.644201,2.218889,0.325859,4.724905,0.00001077,37.776606
ckpt_e31_s1096000.safetensors,31,1096000,8.613687,2.194407,0.314748,4.722881,0.00001083,37.776606
ckpt_e31_s1097000.safetensors,31,1097000,8.605287,2.203053,0.305884,4.724115,0.00001088,37.776606
ckpt_e31_s1098000.safetensors,31,1098000,8.585450,2.184627,0.289688,4.732594,0.00001093,37.776606
ckpt_e31_s1099000.safetensors,31,1099000,8.571799,2.180222,0.270899,4.735117,0.00001099,37.776606
ckpt_e31_s1100000.safetensors,31,1100000,8.556322,2.229966,0.353912,4.710090,0.00001104,37.776606
ckpt_e31_s1101000.safetensors,31,1101000,8.549524,2.170700,0.273672,4.730138,0.00001110,37.776606
ckpt_e31_s1102000.safetensors,31,1102000,8.538170,2.212702,0.334842,4.720780,0.00001115,37.776606
ckpt_e31_s1103000.safetensors,31,1103000,8.523229,2.173334,0.272371,4.733217,0.00001120,37.776606
ckpt_e31_s1104000.safetensors,31,1104000,8.514551,2.266116,0.393292,4.696040,0.00001126,37.776606
ckpt_e31_s1105000.safetensors,31,1105000,8.508540,2.183534,0.278693,4.732015,0.00001132,37.776606
ckpt_e31_s1106000.safetensors,31,1106000,8.494373,2.178779,0.293170,4.731682,0.00001137,37.776606
ckpt_e31_s1107000.safetensors,31,1107000,8.484567,2.206419,0.323319,4.720343,0.00001143,37.776606
ckpt_e31_s1108000.safetensors,31,1108000,8.478089,2.160302,0.252077,4.741876,0.00001148,37.776606
ckpt_e31_s1109000.safetensors,31,1109000,8.470861,2.172526,0.276776,4.734849,0.00001154,37.776606
ckpt_e31_s1110000.safetensors,31,1110000,8.460498,2.709658,0.559262,5.030322,0.00001159,37.776606
ckpt_e31_s1111000.safetensors,31,1111000,8.470935,2.182099,0.270226,4.738210,0.00001165,37.776606
ckpt_e31_s1112000.safetensors,31,1112000,8.463920,2.184489,0.280725,4.733006,0.00001171,37.776606
ckpt_e31_s1113000.safetensors,31,1113000,8.454991,2.192848,0.297280,4.725254,0.00001176,37.776606
ckpt_e31_s1114000.safetensors,31,1114000,8.447150,2.178766,0.287021,4.728922,0.00001182,37.776606
ckpt_e31_s1115000.safetensors,31,1115000,8.438450,2.184599,0.278319,4.735317,0.00001188,37.776606
ckpt_e31_s1116000.safetensors,31,1116000,8.428893,2.191509,0.293976,4.725043,0.00001194,37.776606
ckpt_e31_s1117000.safetensors,31,1117000,8.423121,2.178089,0.285920,4.734619,0.00001199,37.776606
ckpt_e31_s1118000.safetensors,31,1118000,8.415999,2.174421,0.273469,4.731607,0.00001205,37.776606
ckpt_e31_s1119000.safetensors,31,1119000,8.406734,2.213914,0.333250,4.721946,0.00001211,37.776606
ckpt_e31_s1120000.safetensors,31,1120000,8.403071,2.174695,0.265061,4.739858,0.00001217,37.776606
ckpt_e31_s1121000.safetensors,31,1121000,8.410202,2.306898,0.394132,4.723728,0.00001223,37.776606
ckpt_e31_s1122000.safetensors,31,1122000,8.410342,2.214914,0.288270,4.740165,0.00001228,37.776606
ckpt_e31_s1123000.safetensors,31,1123000,8.406901,2.179628,0.275886,4.738289,0.00001234,37.776606
ckpt_e31_s1124000.safetensors,31,1124000,8.401262,2.164205,0.259790,4.736713,0.00001240,37.776606
ckpt_e31_s1125000.safetensors,31,1125000,8.393112,2.301618,0.451206,4.698536,0.00001246,37.776606
ckpt_e31_s1126000.safetensors,31,1126000,8.386338,2.212891,0.309554,4.729226,0.00001252,37.776606
ckpt_e32_s1127000.safetensors,32,1127000,6.741105,2.200642,0.317591,4.711907,0.00001258,37.776606
ckpt_e32_s1128000.safetensors,32,1128000,6.718590,2.173653,0.271790,4.715920,0.00001264,37.776606
ckpt_e32_s1129000.safetensors,32,1129000,6.667316,2.272070,0.420881,4.676118,0.00001270,37.776606
ckpt_e32_s1130000.safetensors,32,1130000,6.652063,2.160213,0.276639,4.714756,0.00001276,37.776606
ckpt_e32_s1131000.safetensors,32,1131000,6.609078,2.185264,0.304149,4.698268,0.00001282,37.776606
ckpt_e32_s1132000.safetensors,32,1132000,6.605270,2.185861,0.309803,4.701918,0.00001288,37.776606
ckpt_e32_s1133000.safetensors,32,1133000,6.580293,2.203742,0.333314,4.695253,0.00001294,37.776606
ckpt_e32_s1134000.safetensors,32,1134000,6.563384,2.194253,0.313640,4.696089,0.00001300,37.776606
ckpt_e32_s1135000.safetensors,32,1135000,6.559158,2.172432,0.294568,4.703671,0.00001306,37.776606
ckpt_e32_s1136000.safetensors,32,1136000,6.537069,2.187733,0.294018,4.701994,0.00001312,37.776606
ckpt_e32_s1137000.safetensors,32,1137000,6.528504,2.200158,0.324992,4.699277,0.00001319,37.776606
ckpt_e32_s1138000.safetensors,32,1138000,6.519360,2.241724,0.384659,4.688516,0.00001325,37.776606
ckpt_e32_s1139000.safetensors,32,1139000,6.510812,2.242017,0.376639,4.689417,0.00001331,37.776606
ckpt_e32_s1140000.safetensors,32,1140000,6.495774,2.190335,0.316534,4.706573,0.00001337,37.776606
ckpt_e32_s1141000.safetensors,32,1141000,6.485052,2.205797,0.320991,4.706893,0.00001343,37.776606
ckpt_e32_s1142000.safetensors,32,1142000,6.473892,2.191211,0.314570,4.712710,0.00001349,37.776606
ckpt_e32_s1143000.safetensors,32,1143000,6.467778,2.194908,0.318610,4.709394,0.00001356,37.776606
ckpt_e32_s1144000.safetensors,32,1144000,6.511187,2.609877,0.491803,4.939294,0.00001362,37.776606
ckpt_e32_s1145000.safetensors,32,1145000,6.515304,2.322114,0.404680,4.715356,0.00001368,37.776606
ckpt_e32_s1146000.safetensors,32,1146000,6.512603,2.200787,0.322825,4.708597,0.00001375,37.776606
ckpt_e32_s1147000.safetensors,32,1147000,6.503186,2.222654,0.356395,4.696102,0.00001381,37.776606
ckpt_e32_s1148000.safetensors,32,1148000,6.496141,2.209886,0.328119,4.706834,0.00001387,37.776606
ckpt_e32_s1149000.safetensors,32,1149000,6.487193,2.175329,0.279987,4.713424,0.00001394,37.776606
ckpt_e32_s1150000.safetensors,32,1150000,6.477413,2.206056,0.318286,4.718859,0.00001400,37.776606
ckpt_e32_s1151000.safetensors,32,1151000,6.469500,2.182165,0.283427,4.720157,0.00001406,37.776606
ckpt_e32_s1152000.safetensors,32,1152000,6.462651,2.253140,0.364459,4.698150,0.00001413,37.776606
ckpt_e32_s1153000.safetensors,32,1153000,6.455861,2.161329,0.273250,4.727518,0.00001419,37.776606
ckpt_e32_s1154000.safetensors,32,1154000,6.446633,2.228118,0.336592,4.721714,0.00001425,37.776606
ckpt_e32_s1155000.safetensors,32,1155000,6.440607,2.256746,0.409029,4.702339,0.00001432,37.776606
ckpt_e32_s1156000.safetensors,32,1156000,6.434929,2.170386,0.276072,4.732864,0.00001438,37.776606
ckpt_e32_s1157000.safetensors,32,1157000,6.424762,2.229140,0.328360,4.718423,0.00001445,37.776606
ckpt_e32_s1158000.safetensors,32,1158000,6.419579,2.216551,0.316763,4.716533,0.00001451,37.776606
ckpt_e32_s1159000.safetensors,32,1159000,6.416347,2.220397,0.342611,4.707225,0.00001458,37.776606
ckpt_e32_s1160000.safetensors,32,1160000,6.409687,2.211411,0.339498,4.722627,0.00001464,37.776606
ckpt_e32_s1161000.safetensors,32,1161000,6.402773,2.205554,0.319028,4.729742,0.00001471,37.776606
ckpt_e32_s1162000.safetensors,32,1162000,6.398141,2.329142,0.461827,4.698925,0.00001478,37.776606
ckpt_e32_s1163000.safetensors,32,1163000,6.392082,2.228919,0.350015,4.710473,0.00001484,37.776606
ckpt_e33_s1164000.safetensors,33,1164000,6.827084,2.235671,0.362342,4.705264,0.00001491,37.776606
ckpt_e33_s1165000.safetensors,33,1165000,6.743221,2.282540,0.397605,4.701072,0.00001497,37.776606
ckpt_e33_s1166000.safetensors,33,1166000,6.724515,2.233541,0.359305,4.715485,0.00001504,37.776606
ckpt_e33_s1167000.safetensors,33,1167000,6.685662,2.220133,0.341631,4.712582,0.00001511,37.776606
ckpt_e33_s1168000.safetensors,33,1168000,6.672560,2.185781,0.295081,4.726635,0.00001517,37.776606
ckpt_e33_s1169000.safetensors,33,1169000,6.638912,2.193696,0.297285,4.729062,0.00001524,37.776606
ckpt_e33_s1170000.safetensors,33,1170000,6.623493,2.202568,0.314942,4.722057,0.00001531,37.776606
ckpt_e33_s1171000.safetensors,33,1171000,6.603923,2.246137,0.360327,4.718268,0.00001537,37.776606
ckpt_e33_s1172000.safetensors,33,1172000,6.620253,2.211449,0.311027,4.730866,0.00001544,37.776606
ckpt_e33_s1173000.safetensors,33,1173000,6.611543,2.235983,0.356754,4.720285,0.00001551,37.776606
ckpt_e33_s1174000.safetensors,33,1174000,6.596377,2.207104,0.289687,4.741434,0.00001557,37.776606
ckpt_e33_s1175000.safetensors,33,1175000,6.597250,2.274740,0.369853,4.714505,0.00001564,37.776606
ckpt_e33_s1176000.safetensors,33,1176000,6.590716,2.228895,0.344108,4.722830,0.00001571,37.776606
ckpt_e33_s1177000.safetensors,33,1177000,6.579995,2.229334,0.342204,4.730675,0.00001578,37.776606
ckpt_e33_s1178000.safetensors,33,1178000,6.565219,2.216890,0.317028,4.730989,0.00001585,37.776606
ckpt_e33_s1179000.safetensors,33,1179000,6.556210,2.289532,0.400441,4.704120,0.00001591,37.776606
ckpt_e33_s1180000.safetensors,33,1180000,6.559753,2.254947,0.373288,4.722681,0.00001598,37.776606
ckpt_e33_s1181000.safetensors,33,1181000,6.547116,2.238056,0.328601,4.730007,0.00001605,37.776606
ckpt_e33_s1182000.safetensors,33,1182000,6.536519,2.233282,0.338643,4.730358,0.00001612,37.776606
ckpt_e33_s1183000.safetensors,33,1183000,6.528387,2.236136,0.352694,4.729656,0.00001619,37.776606
ckpt_e33_s1184000.safetensors,33,1184000,6.517350,2.232827,0.332506,4.742293,0.00001626,37.776606
ckpt_e33_s1185000.safetensors,33,1185000,6.520287,2.285623,0.365652,4.750874,0.00001633,37.776606
ckpt_e33_s1186000.safetensors,33,1186000,6.513425,2.251750,0.355623,4.732999,0.00001640,37.776606
ckpt_e33_s1187000.safetensors,33,1187000,6.504202,2.214450,0.322944,4.736584,0.00001646,37.776606
ckpt_e33_s1188000.safetensors,33,1188000,6.496970,2.256944,0.360649,4.736058,0.00001653,37.776606
ckpt_e33_s1189000.safetensors,33,1189000,6.488601,2.238287,0.351937,4.739302,0.00001660,37.776606
ckpt_e33_s1190000.safetensors,33,1190000,6.479350,2.318989,0.434315,4.720850,0.00001667,37.776606
ckpt_e33_s1191000.safetensors,33,1191000,6.473961,2.225880,0.325776,4.747986,0.00001674,37.776606
ckpt_e33_s1192000.safetensors,33,1192000,6.466704,2.215641,0.298487,4.752787,0.00001681,37.776606
ckpt_e33_s1193000.safetensors,33,1193000,6.465648,2.256569,0.353229,4.741782,0.00001688,37.776606
ckpt_e33_s1194000.safetensors,33,1194000,6.459304,2.218328,0.303390,4.750443,0.00001695,37.776606
ckpt_e33_s1195000.safetensors,33,1195000,6.450772,2.247531,0.354096,4.740657,0.00001702,37.776606
ckpt_e33_s1196000.safetensors,33,1196000,6.446671,2.239866,0.342796,4.744103,0.00001709,37.776606
ckpt_e33_s1197000.safetensors,33,1197000,6.439225,2.327418,0.452079,4.718961,0.00001717,37.776606
ckpt_e33_s1198000.safetensors,33,1198000,6.435747,2.236338,0.350105,4.745050,0.00001724,37.776606
ckpt_e33_s1199000.safetensors,33,1199000,6.428027,2.215295,0.303521,4.757862,0.00001731,37.776606
ckpt_e33_s1200000.safetensors,33,1200000,6.422009,2.221130,0.312471,4.762347,0.00001738,37.776606
ckpt_e34_s1201000.safetensors,34,1201000,7.857421,2.207082,0.312226,4.722290,0.00001745,37.776606
ckpt_e34_s1202000.safetensors,34,1202000,7.862931,2.186227,0.299327,4.719867,0.00001752,37.776606
ckpt_e34_s1203000.safetensors,34,1203000,7.808241,2.188880,0.293065,4.719391,0.00001759,37.776606
ckpt_e34_s1204000.safetensors,34,1204000,7.779224,2.202425,0.319254,4.712523,0.00001766,37.776606
ckpt_e34_s1205000.safetensors,34,1205000,7.776010,2.192705,0.302692,4.702426,0.00001774,37.776606
ckpt_e34_s1206000.safetensors,34,1206000,7.752245,2.195480,0.300986,4.698978,0.00001781,37.776606
ckpt_e34_s1207000.safetensors,34,1207000,7.724183,2.183652,0.287347,4.705306,0.00001788,37.776606
ckpt_e34_s1208000.safetensors,34,1208000,7.719765,2.255092,0.372201,4.683563,0.00001795,37.776606
ckpt_e34_s1209000.safetensors,34,1209000,7.708785,2.205870,0.333413,4.695152,0.00001802,37.776606
ckpt_e34_s1210000.safetensors,34,1210000,7.692539,2.176782,0.288466,4.708704,0.00001810,37.776606
ckpt_e34_s1211000.safetensors,34,1211000,7.677239,2.238262,0.367298,4.689585,0.00001817,37.776606
ckpt_e34_s1212000.safetensors,34,1212000,7.671675,2.212426,0.340903,4.690294,0.00001824,37.776606
ckpt_e34_s1213000.safetensors,34,1213000,7.657494,2.276436,0.396953,4.675604,0.00001831,37.776606
ckpt_e34_s1214000.safetensors,34,1214000,7.647152,2.269427,0.409220,4.686078,0.00001839,37.776606
ckpt_e34_s1215000.safetensors,34,1215000,7.635115,2.216443,0.332557,4.699804,0.00001846,37.776606
ckpt_e34_s1216000.safetensors,34,1216000,7.627506,2.220789,0.360386,4.687254,0.00001853,37.776606
ckpt_e34_s1217000.safetensors,34,1217000,7.613788,2.212210,0.327673,4.706937,0.00001860,37.776606
ckpt_e34_s1218000.safetensors,34,1218000,7.607210,2.212899,0.333914,4.709841,0.00001868,37.776606
ckpt_e34_s1219000.safetensors,34,1219000,7.602704,2.158932,0.247238,4.723363,0.00001875,37.776606
ckpt_e34_s1220000.safetensors,34,1220000,7.594021,2.188113,0.282900,4.714742,0.00001882,37.776606
ckpt_e34_s1221000.safetensors,34,1221000,7.588888,2.226508,0.365803,4.694891,0.00001890,37.776606
ckpt_e34_s1222000.safetensors,34,1222000,7.586237,2.172987,0.261239,4.723020,0.00001897,37.776606
ckpt_e34_s1223000.safetensors,34,1223000,7.581364,2.361432,0.379830,4.769797,0.00001905,37.776606
ckpt_e34_s1224000.safetensors,34,1224000,7.581915,2.218097,0.341640,4.702543,0.00001912,37.776606
ckpt_e34_s1225000.safetensors,34,1225000,7.575105,2.225641,0.350264,4.702178,0.00001919,37.776606
ckpt_e34_s1226000.safetensors,34,1226000,7.569709,2.215302,0.330897,4.697999,0.00001927,37.776606
ckpt_e34_s1227000.safetensors,34,1227000,7.564317,2.191372,0.302166,4.713835,0.00001934,37.776606
ckpt_e34_s1228000.safetensors,34,1228000,7.555959,2.281499,0.415903,4.682093,0.00001942,37.776606
ckpt_e34_s1229000.safetensors,34,1229000,7.551907,2.235591,0.334554,4.700778,0.00001949,37.776606
ckpt_e34_s1230000.safetensors,34,1230000,7.543829,2.207258,0.319168,4.705557,0.00001956,37.776606
ckpt_e34_s1231000.safetensors,34,1231000,7.539584,2.227645,0.352526,4.699049,0.00001964,37.776606
ckpt_e34_s1232000.safetensors,34,1232000,7.534384,2.222344,0.348820,4.705791,0.00001971,37.776606
ckpt_e34_s1233000.safetensors,34,1233000,7.528457,2.199950,0.300466,4.716056,0.00001979,37.776606
ckpt_e34_s1234000.safetensors,34,1234000,7.523508,2.241874,0.357235,4.692747,0.00001986,37.776606
ckpt_e34_s1235000.safetensors,34,1235000,7.517566,2.312559,0.450614,4.676346,0.00001994,37.776606
ckpt_e34_s1236000.safetensors,34,1236000,7.512325,2.240603,0.373591,4.692570,0.00002001,37.776606
ckpt_e34_s1237000.safetensors,34,1237000,7.509492,2.311277,0.453324,4.673912,0.00002009,37.776606
ckpt_e35_s1238000.safetensors,35,1238000,5.266183,2.202550,0.310764,4.692214,0.00002016,37.776606
ckpt_e35_s1239000.safetensors,35,1239000,5.167376,2.241596,0.377508,4.684689,0.00002024,37.776606
ckpt_e35_s1240000.safetensors,35,1240000,5.092495,2.240627,0.353610,4.716506,0.00002031,37.776606
ckpt_e35_s1241000.safetensors,35,1241000,5.051026,2.193408,0.288440,4.708799,0.00002039,37.776606
ckpt_e35_s1242000.safetensors,35,1242000,5.017778,2.228726,0.354225,4.683712,0.00002047,37.776606
ckpt_e35_s1243000.safetensors,35,1243000,4.987961,2.240769,0.355344,4.694538,0.00002054,37.776606
ckpt_e35_s1244000.safetensors,35,1244000,4.975146,2.191653,0.314799,4.704753,0.00002062,37.776606
ckpt_e35_s1245000.safetensors,35,1245000,4.959094,2.225557,0.358411,4.697113,0.00002069,37.776606
ckpt_e35_s1246000.safetensors,35,1246000,4.934573,2.197407,0.324065,4.709048,0.00002077,37.776606
ckpt_e35_s1247000.safetensors,35,1247000,4.917684,2.254579,0.392329,4.694469,0.00002084,37.776606
ckpt_e35_s1248000.safetensors,35,1248000,4.919485,2.695172,0.860947,4.636015,0.00002092,37.776606
ckpt_e35_s1249000.safetensors,35,1249000,4.925855,2.288599,0.414453,4.714274,0.00002100,37.776606
ckpt_e35_s1250000.safetensors,35,1250000,4.918587,2.261469,0.385331,4.708046,0.00002107,37.776606
ckpt_e35_s1251000.safetensors,35,1251000,4.899643,2.218084,0.326445,4.712322,0.00002115,37.776606
ckpt_e35_s1252000.safetensors,35,1252000,4.893125,2.251416,0.351551,4.713168,0.00002123,37.776606
ckpt_e35_s1253000.safetensors,35,1253000,4.885426,2.222551,0.311128,4.729259,0.00002130,37.776606
ckpt_e35_s1254000.safetensors,35,1254000,4.874764,2.262920,0.383760,4.695521,0.00002138,37.776606
ckpt_e35_s1255000.safetensors,35,1255000,4.860661,2.224109,0.349476,4.716836,0.00002146,37.776606
ckpt_e35_s1256000.safetensors,35,1256000,4.851676,2.259014,0.383653,4.706533,0.00002153,37.776606
ckpt_e35_s1257000.safetensors,35,1257000,4.844304,2.258665,0.353035,4.718944,0.00002161,37.776606
ckpt_e35_s1258000.safetensors,35,1258000,4.834233,2.251748,0.352339,4.730025,0.00002169,37.776606
ckpt_e35_s1259000.safetensors,35,1259000,4.826961,2.321110,0.421015,4.708935,0.00002176,37.776606
ckpt_e35_s1260000.safetensors,35,1260000,4.819515,2.300419,0.420753,4.713435,0.00002184,37.776606
ckpt_e35_s1261000.safetensors,35,1261000,4.811090,2.193862,0.278949,4.755603,0.00002192,37.776606
ckpt_e35_s1262000.safetensors,35,1262000,4.804341,2.208902,0.290228,4.759436,0.00002199,37.776606
ckpt_e35_s1263000.safetensors,35,1263000,4.797535,2.271689,0.386140,4.721821,0.00002207,37.776606
ckpt_e35_s1264000.safetensors,35,1264000,4.789664,2.243435,0.370544,4.733676,0.00002215,37.776606
ckpt_e35_s1265000.safetensors,35,1265000,4.783386,2.260509,0.361467,4.730844,0.00002223,37.776606
ckpt_e35_s1266000.safetensors,35,1266000,4.777891,2.250232,0.362699,4.750476,0.00002230,37.776606
ckpt_e35_s1267000.safetensors,35,1267000,4.779751,2.241021,0.352943,4.740378,0.00002238,37.776606
ckpt_e35_s1268000.safetensors,35,1268000,4.774944,2.345221,0.466260,4.709795,0.00002246,37.776606
ckpt_e35_s1269000.safetensors,35,1269000,4.768174,2.257003,0.349834,4.749738,0.00002254,37.776606
ckpt_e35_s1270000.safetensors,35,1270000,4.762831,2.264132,0.350941,4.747137,0.00002261,37.776606
ckpt_e35_s1271000.safetensors,35,1271000,4.755468,2.281659,0.376323,4.751671,0.00002269,37.776606
ckpt_e35_s1272000.safetensors,35,1272000,4.760238,2.380965,0.425723,4.782872,0.00002277,37.776606
ckpt_e35_s1273000.safetensors,35,1273000,4.759659,2.236238,0.321595,4.746882,0.00002285,37.776606
ckpt_e35_s1274000.safetensors,35,1274000,4.756001,2.239564,0.319361,4.762132,0.00002293,37.776606
ckpt_e36_s1275000.safetensors,36,1275000,3.652072,2.231472,0.336617,4.715593,0.00002300,37.776606
ckpt_e36_s1276000.safetensors,36,1276000,3.567884,2.219416,0.312189,4.716006,0.00002308,37.776606
ckpt_e36_s1277000.safetensors,36,1277000,3.548781,2.238590,0.338508,4.720334,0.00002316,37.776606
ckpt_e36_s1278000.safetensors,36,1278000,3.513620,2.204514,0.286785,4.724432,0.00002324,37.776606
ckpt_e36_s1279000.safetensors,36,1279000,3.482323,2.401837,0.531096,4.663572,0.00002332,37.776606
ckpt_e36_s1280000.safetensors,36,1280000,3.465825,2.225689,0.317939,4.717492,0.00002339,37.776606
ckpt_e36_s1281000.safetensors,36,1281000,3.445135,2.244778,0.344906,4.703392,0.00002347,37.776606
ckpt_e36_s1282000.safetensors,36,1282000,3.431321,2.255305,0.376086,4.697635,0.00002355,37.776606
ckpt_e36_s1283000.safetensors,36,1283000,3.417415,2.241024,0.357238,4.706539,0.00002363,37.776606
ckpt_e36_s1284000.safetensors,36,1284000,3.402875,2.258734,0.367642,4.713735,0.00002371,37.776606
ckpt_e36_s1285000.safetensors,36,1285000,3.393232,2.252280,0.353392,4.713680,0.00002379,37.776606
ckpt_e36_s1286000.safetensors,36,1286000,3.380336,2.256881,0.368899,4.725406,0.00002387,37.776606
ckpt_e36_s1287000.safetensors,36,1287000,3.369631,2.256024,0.358828,4.720689,0.00002394,37.776606
ckpt_e36_s1288000.safetensors,36,1288000,3.360020,2.269827,0.378266,4.718302,0.00002402,37.776606
ckpt_e36_s1289000.safetensors,36,1289000,3.353311,2.261545,0.362447,4.727778,0.00002410,37.776606
ckpt_e36_s1290000.safetensors,36,1290000,3.343941,2.256517,0.321896,4.753144,0.00002418,37.776606
ckpt_e36_s1291000.safetensors,36,1291000,3.336196,2.315753,0.416634,4.716930,0.00002426,37.776606
ckpt_e36_s1292000.safetensors,36,1292000,3.328554,2.267630,0.374289,4.743248,0.00002434,37.776606
ckpt_e36_s1293000.safetensors,36,1293000,3.321634,2.293007,0.385185,4.736110,0.00002442,37.776606
ckpt_e36_s1294000.safetensors,36,1294000,3.316270,2.290843,0.404550,4.728431,0.00002450,37.776606
ckpt_e36_s1295000.safetensors,36,1295000,3.307828,2.346412,0.440600,4.712880,0.00002457,37.776606
ckpt_e36_s1296000.safetensors,36,1296000,3.302887,2.306081,0.403823,4.729837,0.00002465,37.776606
ckpt_e36_s1297000.safetensors,36,1297000,3.296286,2.358227,0.458260,4.715873,0.00002473,37.776606
ckpt_e36_s1298000.safetensors,36,1298000,3.290703,2.309535,0.388199,4.742029,0.00002481,37.776606
ckpt_e36_s1299000.safetensors,36,1299000,3.285319,2.326279,0.417417,4.737209,0.00002489,37.776606
ckpt_e36_s1300000.safetensors,36,1300000,3.280435,2.246152,0.316918,4.759215,0.00002497,37.776606
ckpt_e36_s1301000.safetensors,36,1301000,3.275453,2.272542,0.376093,4.763288,0.00002505,37.776606
ckpt_e36_s1302000.safetensors,36,1302000,3.269674,2.264580,0.346788,4.750240,0.00002513,37.776606
ckpt_e36_s1303000.safetensors,36,1303000,3.265016,2.308435,0.402514,4.741050,0.00002521,37.776606
ckpt_e36_s1304000.safetensors,36,1304000,3.260829,2.294020,0.381276,4.761174,0.00002529,37.776606
ckpt_e36_s1305000.safetensors,36,1305000,3.255647,2.304722,0.371217,4.765114,0.00002537,37.776606
ckpt_e36_s1306000.safetensors,36,1306000,3.251840,2.287159,0.351855,4.758188,0.00002544,37.776606
ckpt_e36_s1307000.safetensors,36,1307000,3.246424,2.303687,0.390566,4.763589,0.00002552,37.776606
ckpt_e36_s1308000.safetensors,36,1308000,3.241443,2.300807,0.387599,4.765065,0.00002560,37.776606
ckpt_e36_s1309000.safetensors,36,1309000,3.238296,2.288976,0.366129,4.772918,0.00002568,37.776606
ckpt_e36_s1310000.safetensors,36,1310000,3.234137,2.327214,0.396921,4.780041,0.00002576,37.776606
ckpt_e36_s1311000.safetensors,36,1311000,3.230163,2.281965,0.345763,4.771688,0.00002584,37.776606
ckpt_e37_s1312000.safetensors,37,1312000,8.173422,2.242394,0.379585,4.680712,0.00002592,37.776606
ckpt_e37_s1313000.safetensors,37,1313000,7.969173,2.258243,0.373137,4.673198,0.00002600,37.776606
ckpt_e37_s1314000.safetensors,37,1314000,7.872365,2.329436,0.466219,4.652700,0.00002608,37.776606
ckpt_e37_s1315000.safetensors,37,1315000,7.814648,2.203340,0.329041,4.680808,0.00002616,37.776606
ckpt_e37_s1316000.safetensors,37,1316000,7.772877,2.229146,0.360618,4.676949,0.00002624,37.776606
ckpt_e37_s1317000.safetensors,37,1317000,7.727539,2.294069,0.454137,4.659755,0.00002632,37.776606
ckpt_e37_s1318000.safetensors,37,1318000,7.692611,2.190943,0.318551,4.698251,0.00002640,37.776606
ckpt_e37_s1319000.safetensors,37,1319000,7.727408,2.235032,0.326029,4.710439,0.00002648,37.776606
ckpt_e37_s1320000.safetensors,37,1320000,7.702700,2.250106,0.400732,4.677946,0.00002656,37.776606
ckpt_e37_s1321000.safetensors,37,1321000,7.669986,2.254148,0.375905,4.681549,0.00002664,37.776606
ckpt_e37_s1322000.safetensors,37,1322000,7.656071,2.332030,0.484839,4.655163,0.00002672,37.776606
ckpt_e37_s1323000.safetensors,37,1323000,7.635734,2.235102,0.362635,4.691790,0.00002680,37.776606
ckpt_e37_s1324000.safetensors,37,1324000,7.616369,2.271660,0.423385,4.678264,0.00002687,37.776606
ckpt_e37_s1325000.safetensors,37,1325000,7.599750,2.232697,0.366996,4.680024,0.00002695,37.776606
ckpt_e37_s1326000.safetensors,37,1326000,7.581794,2.198219,0.304180,4.709500,0.00002703,37.776606
ckpt_e37_s1327000.safetensors,37,1327000,7.566112,2.204583,0.328012,4.696969,0.00002711,37.776606
ckpt_e37_s1328000.safetensors,37,1328000,7.553304,2.221019,0.325082,4.721683,0.00002719,37.776606
ckpt_e37_s1329000.safetensors,37,1329000,7.541936,2.236086,0.349081,4.698088,0.00002727,37.776606
ckpt_e37_s1330000.safetensors,37,1330000,7.528470,2.181404,0.307067,4.703902,0.00002735,37.776606
ckpt_e37_s1331000.safetensors,37,1331000,7.519500,2.224932,0.342822,4.700617,0.00002743,37.776606
ckpt_e37_s1332000.safetensors,37,1332000,7.517426,2.243165,0.344470,4.712662,0.00002751,37.776606
ckpt_e37_s1333000.safetensors,37,1333000,7.504906,2.264671,0.394639,4.683675,0.00002759,37.776606
ckpt_e37_s1334000.safetensors,37,1334000,7.493527,2.233124,0.354552,4.692974,0.00002767,37.776606
ckpt_e37_s1335000.safetensors,37,1335000,7.482958,2.245159,0.379956,4.687443,0.00002775,37.776606
ckpt_e37_s1336000.safetensors,37,1336000,7.472775,2.248092,0.364328,4.698055,0.00002783,37.776606
ckpt_e37_s1337000.safetensors,37,1337000,7.462863,2.245346,0.369011,4.702886,0.00002791,37.776606
ckpt_e37_s1338000.safetensors,37,1338000,7.455471,2.333978,0.486316,4.673866,0.00002799,37.776606
ckpt_e37_s1339000.safetensors,37,1339000,7.446775,2.248567,0.375629,4.692358,0.00002807,37.776606
ckpt_e37_s1340000.safetensors,37,1340000,7.436599,2.267963,0.401375,4.697383,0.00002815,37.776606
ckpt_e37_s1341000.safetensors,37,1341000,7.428397,2.241765,0.360943,4.710787,0.00002823,37.776606
ckpt_e37_s1342000.safetensors,37,1342000,7.420244,2.335491,0.492599,4.666328,0.00002831,37.776606
ckpt_e37_s1343000.safetensors,37,1343000,7.410356,2.390264,0.530383,4.693117,0.00002839,37.776606
ckpt_e37_s1344000.safetensors,37,1344000,7.403728,2.213565,0.336109,4.711051,0.00002847,37.776606
ckpt_e37_s1345000.safetensors,37,1345000,7.395546,2.232326,0.351294,4.704842,0.00002855,37.776606
ckpt_e37_s1346000.safetensors,37,1346000,7.387356,2.252720,0.364622,4.699499,0.00002863,37.776606
ckpt_e37_s1347000.safetensors,37,1347000,7.384404,2.259886,0.381490,4.707855,0.00002871,37.776606
ckpt_e37_s1348000.safetensors,37,1348000,7.377936,2.232081,0.344086,4.714268,0.00002879,37.776606
ckpt_e38_s1349000.safetensors,38,1349000,18.914409,2.219588,0.352209,4.660970,0.00002886,37.776606
ckpt_e38_s1350000.safetensors,38,1350000,18.709465,2.314872,0.525041,4.601282,0.00002894,37.776606
ckpt_e38_s1351000.safetensors,38,1351000,18.687441,2.208923,0.354126,4.636686,0.00002902,37.776606
ckpt_e38_s1352000.safetensors,38,1352000,18.623693,2.228977,0.393361,4.626104,0.00002910,37.776606
ckpt_e38_s1353000.safetensors,38,1353000,18.574533,2.227507,0.393025,4.618101,0.00002918,37.776606
ckpt_e38_s1354000.safetensors,38,1354000,18.513655,2.290088,0.499252,4.617120,0.00002926,37.776606
ckpt_e38_s1355000.safetensors,38,1355000,18.473390,2.292593,0.509440,4.586053,0.00002934,37.776606
ckpt_e38_s1356000.safetensors,38,1356000,18.457730,2.233832,0.387230,4.619565,0.00002942,37.776606
ckpt_e38_s1357000.safetensors,38,1357000,18.425078,2.297252,0.501186,4.601234,0.00002950,37.776606
ckpt_e38_s1358000.safetensors,38,1358000,18.393479,2.205207,0.350178,4.631320,0.00002958,37.776606
ckpt_e38_s1359000.safetensors,38,1359000,18.372542,2.209165,0.366625,4.631701,0.00002966,37.776606
ckpt_e38_s1360000.safetensors,38,1360000,18.343971,2.204417,0.358827,4.640329,0.00002974,37.776606
ckpt_e38_s1361000.safetensors,38,1361000,18.315284,2.241553,0.423575,4.608530,0.00002982,37.776606
ckpt_e38_s1362000.safetensors,38,1362000,18.304210,2.206097,0.377746,4.626952,0.00002990,37.776606
ckpt_e38_s1363000.safetensors,38,1363000,18.288156,2.200341,0.359080,4.636287,0.00002998,37.776606
ckpt_e38_s1364000.safetensors,38,1364000,18.272285,2.205791,0.383286,4.620183,0.00003005,37.776606
ckpt_e38_s1365000.safetensors,38,1365000,18.253656,2.269987,0.451336,4.614863,0.00003013,37.776606
ckpt_e38_s1366000.safetensors,38,1366000,18.238283,2.263467,0.421053,4.634036,0.00003021,37.776606
ckpt_e38_s1367000.safetensors,38,1367000,18.221738,2.205998,0.366236,4.625705,0.00003029,37.776606
ckpt_e38_s1368000.safetensors,38,1368000,18.204952,2.174345,0.324125,4.643451,0.00003037,37.776606
ckpt_e38_s1369000.safetensors,38,1369000,18.189884,2.260788,0.441132,4.626326,0.00003045,37.776606
ckpt_e38_s1370000.safetensors,38,1370000,18.177177,2.293072,0.482767,4.602145,0.00003053,37.776606
ckpt_e38_s1371000.safetensors,38,1371000,18.158608,2.225099,0.391612,4.626041,0.00003061,37.776606
ckpt_e38_s1372000.safetensors,38,1372000,18.146632,2.229264,0.383139,4.619863,0.00003069,37.776606
ckpt_e38_s1373000.safetensors,38,1373000,18.141978,2.172966,0.324927,4.649577,0.00003077,37.776606
ckpt_e38_s1374000.safetensors,38,1374000,18.127796,2.233331,0.401037,4.621666,0.00003084,37.776606
ckpt_e38_s1375000.safetensors,38,1375000,18.119594,2.174353,0.326387,4.638592,0.00003092,37.776606
ckpt_e38_s1376000.safetensors,38,1376000,18.101299,2.331731,0.517502,4.588091,0.00003100,37.776606
ckpt_e38_s1377000.safetensors,38,1377000,18.103620,2.354437,0.534605,4.583556,0.00003108,37.776606
ckpt_e38_s1378000.safetensors,38,1378000,18.091539,2.226797,0.392595,4.618443,0.00003116,37.776606
ckpt_e38_s1379000.safetensors,38,1379000,18.078643,2.276710,0.438611,4.622616,0.00003124,37.776606
ckpt_e38_s1380000.safetensors,38,1380000,18.074236,2.425751,0.648300,4.567512,0.00003132,37.776606
ckpt_e38_s1381000.safetensors,38,1381000,18.060258,2.307003,0.479100,4.611823,0.00003139,37.776606
ckpt_e38_s1382000.safetensors,38,1382000,18.049323,2.198330,0.351537,4.634709,0.00003147,37.776606
ckpt_e38_s1383000.safetensors,38,1383000,18.038749,2.256464,0.418108,4.624639,0.00003155,37.776606
ckpt_e38_s1384000.safetensors,38,1384000,18.031077,2.252927,0.408965,4.622189,0.00003163,37.776606
ckpt_e38_s1385000.safetensors,38,1385000,18.031847,3.721383,1.796567,4.664727,0.00003171,37.776606
ckpt_e39_s1386000.safetensors,39,1386000,10.915569,2.260320,0.380896,4.640446,0.00003179,37.776606
ckpt_e39_s1387000.safetensors,39,1387000,10.466584,2.285608,0.433117,4.602872,0.00003186,37.776606
ckpt_e39_s1388000.safetensors,39,1388000,10.298564,2.212524,0.363419,4.601567,0.00003194,37.776606
ckpt_e39_s1389000.safetensors,39,1389000,10.170841,2.364093,0.552288,4.581741,0.00003202,37.776606
ckpt_e39_s1390000.safetensors,39,1390000,10.113964,2.310922,0.504469,4.563659,0.00003210,37.776606
ckpt_e39_s1391000.safetensors,39,1391000,10.036705,2.239373,0.399122,4.606929,0.00003218,37.776606
ckpt_e39_s1392000.safetensors,39,1392000,9.976033,2.359441,0.580809,4.554055,0.00003225,37.776606
ckpt_e39_s1393000.safetensors,39,1393000,9.925050,2.258667,0.399932,4.594522,0.00003233,37.776606
ckpt_e39_s1394000.safetensors,39,1394000,9.882219,2.207625,0.352457,4.603284,0.00003241,37.776606
ckpt_e39_s1395000.safetensors,39,1395000,9.856339,2.852020,0.981766,4.586589,0.00003249,37.776606
ckpt_e39_s1396000.safetensors,39,1396000,9.842084,2.302336,0.466222,4.576199,0.00003256,37.776606
ckpt_e39_s1397000.safetensors,39,1397000,9.812988,2.271674,0.424258,4.597419,0.00003264,37.776606
ckpt_e39_s1398000.safetensors,39,1398000,9.786993,2.428535,0.658985,4.535230,0.00003272,37.776606
ckpt_e39_s1399000.safetensors,39,1399000,9.772844,2.243351,0.386711,4.605932,0.00003280,37.776606
ckpt_e39_s1400000.safetensors,39,1400000,9.746125,2.260659,0.412802,4.586493,0.00003287,37.776606
ckpt_e39_s1401000.safetensors,39,1401000,9.722226,2.251902,0.404894,4.612750,0.00003295,37.776606
ckpt_e39_s1402000.safetensors,39,1402000,9.701160,2.301723,0.452386,4.593356,0.00003303,37.776606
ckpt_e39_s1403000.safetensors,39,1403000,9.682695,2.234426,0.379561,4.596463,0.00003311,37.776606
ckpt_e39_s1404000.safetensors,39,1404000,9.664428,2.270643,0.414227,4.594656,0.00003318,37.776606
ckpt_e39_s1405000.safetensors,39,1405000,9.647713,2.341940,0.517736,4.570808,0.00003326,37.776606
ckpt_e39_s1406000.safetensors,39,1406000,9.629399,2.251381,0.409159,4.592326,0.00003334,37.776606
ckpt_e39_s1407000.safetensors,39,1407000,9.614632,2.260250,0.383240,4.611817,0.00003341,37.776606
ckpt_e39_s1408000.safetensors,39,1408000,9.600896,2.296824,0.471549,4.585773,0.00003349,37.776606
ckpt_e39_s1409000.safetensors,39,1409000,9.586056,2.268548,0.418962,4.594706,0.00003357,37.776606
ckpt_e39_s1410000.safetensors,39,1410000,9.575562,2.291482,0.439010,4.597232,0.00003364,37.776606
ckpt_e39_s1411000.safetensors,39,1411000,9.561860,2.285842,0.425425,4.598388,0.00003372,37.776606
ckpt_e39_s1412000.safetensors,39,1412000,9.547851,2.244696,0.381479,4.603395,0.00003380,37.776606
ckpt_e39_s1413000.safetensors,39,1413000,9.539073,2.229304,0.337605,4.648125,0.00003387,37.776606
ckpt_e39_s1414000.safetensors,39,1414000,9.525040,2.423552,0.649365,4.533208,0.00003395,37.776606
ckpt_e39_s1415000.safetensors,39,1415000,9.526178,2.354796,0.534358,4.590096,0.00003403,37.776606
ckpt_e39_s1416000.safetensors,39,1416000,9.515813,2.345584,0.517087,4.564733,0.00003410,37.776606
ckpt_e39_s1417000.safetensors,39,1417000,9.505316,2.361925,0.568010,4.563653,0.00003418,37.776606
ckpt_e39_s1418000.safetensors,39,1418000,9.493562,2.220131,0.353799,4.625057,0.00003425,37.776606
ckpt_e39_s1419000.safetensors,39,1419000,9.491347,2.246628,0.379292,4.619594,0.00003433,37.776606
ckpt_e39_s1420000.safetensors,39,1420000,9.481845,2.311147,0.457795,4.601901,0.00003441,37.776606
ckpt_e39_s1421000.safetensors,39,1421000,9.471632,2.302485,0.460674,4.587848,0.00003448,37.776606
ckpt_e39_s1422000.safetensors,39,1422000,9.460581,2.309626,0.438395,4.591848,0.00003456,37.776606
